player,upload_date,video_id,url,avg_angry,avg_disgust,avg_fear,avg_happy,avg_sad,avg_surprise,avg_neutral,dominant_emotion,frames_analyzed,historical_gmsc_avg,next_game_gmsc
Andrew Wiggins,2022-06-09 000000,dAGSItRYzgE,https://www.youtube.com/watch?v=dAGSItRYzgE,49.2806,0.0724,5.3407,7.4073,18.8484,1.046,18.0046,angry,50,12.08,13.1
Andrew Wiggins,2022-06-03 000000,31WvwUpqiZk,https://www.youtube.com/watch?v=31WvwUpqiZk,13.8513,0.0349,26.8909,0.9492,22.2419,2.4954,33.5365,neutral,50,12.16,5.4
Andrew Wiggins,2022-05-27 000000,iNtL5JqP-wo,https://www.youtube.com/watch?v=iNtL5JqP-wo,23.2309,0.0438,4.2998,2.6665,47.2499,0.177,22.3321,sad,50,12.12,15.5
Andrew Wiggins,2022-05-23 000000,0EB-wE-uFso,https://www.youtube.com/watch?v=0EB-wE-uFso,12.2471,0.0576,15.3392,3.2421,31.9996,0.5479,36.5664,neutral,50,12.12,9.5
Andrew Wiggins,2022-05-10 000000,jEvyYpygmo4,https://www.youtube.com/watch?v=jEvyYpygmo4,4.5657,0.0031,53.4839,0.6889,17.4572,14.0422,9.759,fear,50,12.09,0.4
Andrew Wiggins,2022-05-04 000000,Rxi-DvuBGHo,https://www.youtube.com/watch?v=Rxi-DvuBGHo,4.4163,2.2253,46.2752,1.2164,10.4668,13.4644,21.9356,fear,50,12.0,15.5
Andrew Wiggins,2022-03-24 000000,QJd2iC1svCs,https://www.youtube.com/watch?v=QJd2iC1svCs,28.6517,0.002,10.7555,45.345,3.0089,0.7938,11.4432,happy,49,12.25,6.1
Andrew Wiggins,2022-02-10 000000,zHFT7HuPslQ,https://www.youtube.com/watch?v=zHFT7HuPslQ,10.3453,0.0002,6.7467,12.9311,52.6862,2.8424,14.4482,sad,50,12.83,15.3
Andrew Wiggins,2022-01-30 000000,tjkhK2pKTZs,https://www.youtube.com/watch?v=tjkhK2pKTZs,34.5787,0.0204,1.6064,3.1006,38.7789,1.1886,20.7265,sad,50,12.97,21.6
Andrew Wiggins,2022-01-24 000000,ex_HsPHOZu0,https://www.youtube.com/watch?v=ex_HsPHOZu0,19.9408,0.005,28.2293,1.7293,30.8005,5.1161,14.179,sad,50,12.66,10.5
Andrew Wiggins,2022-01-04 000000,divtVvfadI4,https://www.youtube.com/watch?v=divtVvfadI4,23.9293,0.0082,2.8047,3.3812,31.6808,17.3287,20.8672,sad,50,13.45,14.9
Andrew Wiggins,2022-01-02 000000,C_Pkz19wdkc,https://www.youtube.com/watch?v=C_Pkz19wdkc,26.8506,0.0001,2.003,2.1459,38.0694,0.0031,30.9279,sad,50,13.26,19.3
Andrew Wiggins,2021-12-15 000000,eaz2GKQMKlI,https://www.youtube.com/watch?v=eaz2GKQMKlI,24.5891,0.0287,12.1787,36.2372,6.8142,2.4458,17.7062,happy,50,12.86,21.9
Andrew Wiggins,2021-12-07 000000,8I_eMO2DFvc,https://www.youtube.com/watch?v=8I_eMO2DFvc,27.4741,0.0047,5.1402,1.2702,37.8325,3.774,24.5043,sad,50,12.91,12.5
Andrew Wiggins,2021-12-04 000000,nNAHhCxKx_Y,https://www.youtube.com/watch?v=nNAHhCxKx_Y,25.4073,0.0786,5.5454,4.2064,31.6895,1.4576,31.6152,sad,50,12.75,7.9
Andrew Wiggins,2021-11-25 000000,FnLH0k3t77M,https://www.youtube.com/watch?v=FnLH0k3t77M,15.0408,0.004,9.1109,2.8184,50.7284,3.3745,18.923,sad,50,13.12,20.3
Andrew Wiggins,2021-11-20 000000,iDaBnmF85tg,https://www.youtube.com/watch?v=iDaBnmF85tg,9.5641,0.0122,22.251,16.0199,11.0986,6.9043,34.1499,neutral,50,12.26,25.8
Andrew Wiggins,2021-11-11 000000,YLcGTQFxD0I,https://www.youtube.com/watch?v=YLcGTQFxD0I,11.1068,0.1723,11.5043,2.9845,39.3884,0.6126,34.231,sad,50,11.76,11.7
Andrew Wiggins,2021-10-22 000000,gt0dnkiN4ok,https://www.youtube.com/watch?v=gt0dnkiN4ok,19.5942,0.0139,11.3681,0.3543,49.7473,0.0014,18.9207,sad,11,10.65,11.5
LeBron James,2021-12-30 000000,#NAME?,https://www.youtube.com/watch?v=-Nlt6MDpImY,22.682,0.0056,9.1389,4.5393,20.9328,0.8679,41.8334,neutral,50,22.82,40.8
LeBron James,2021-12-29 000000,7qCXBVTIkE8,https://www.youtube.com/watch?v=7qCXBVTIkE8,20.1767,0.2433,25.3036,1.7874,25.2833,2.0046,25.2011,fear,50,22.41,32.3
LeBron James,2021-12-26 000000,xt1vwNJYp_s,https://www.youtube.com/watch?v=xt1vwNJYp_s,24.7043,0.731,12.5686,3.4827,47.6897,3.4201,7.4037,sad,50,21.94,32.8
LeBron James,2021-12-24 000000,mlJpWk5zAD8,https://www.youtube.com/watch?v=mlJpWk5zAD8,12.5529,0.0313,16.3874,2.7048,50.4324,3.0609,14.8303,sad,50,21.34,34.6
LeBron James,2021-12-22 000000,_SxWeK5ZreY,https://www.youtube.com/watch?v=_SxWeK5ZreY,11.5539,0.1535,8.039,22.9492,31.2846,0.8971,25.1227,sad,50,20.94,29.3
LeBron James,2021-12-18 000000,DPVSJ5u5QnE,https://www.youtube.com/watch?v=DPVSJ5u5QnE,19.577,0.0094,7.7308,34.9089,8.7607,3.4307,25.5825,happy,50,20.28,24.7
LeBron James,2021-12-13 000000,tEyaGYlqloE,https://www.youtube.com/watch?v=tEyaGYlqloE,12.3495,0.0417,11.6885,11.9987,50.8688,5.2002,7.8526,sad,50,20.92,16.9
LeBron James,2021-12-10 000000,FYsM8dBFo0Y,https://www.youtube.com/watch?v=FYsM8dBFo0Y,16.1729,0.0011,18.3061,32.2079,2.5296,18.1751,12.6073,happy,50,19.81,31.1
LeBron James,2021-12-04 000000,ymu8a5iAL28,https://www.youtube.com/watch?v=ymu8a5iAL28,5.2889,0.0444,32.0771,0.0128,40.7458,1.1588,20.6722,sad,50,19.22,23.6
LeBron James,2021-11-27 000000,fyICYTeOaHA,https://www.youtube.com/watch?v=fyICYTeOaHA,1.0229,0.0009,3.334,5.0638,77.7526,0.0018,12.8241,sad,50,18.34,30.7
LeBron James,2021-10-30 000000,qtXwqclCLEg,https://www.youtube.com/watch?v=qtXwqclCLEg,8.4431,0.0847,6.8334,9.5872,27.724,1.8865,45.4411,neutral,50,17.95,14.5
LeBron James,2021-10-25 000000,JrRFW29aP2U,https://www.youtube.com/watch?v=JrRFW29aP2U,6.4317,0.0075,46.7802,5.8306,35.6288,0.0089,5.3122,fear,50,18.0,17.8
Mikal Bridges,2022-05-16 000000,cgVr7p3vLC0,https://www.youtube.com/watch?v=cgVr7p3vLC0,3.5497,0.0075,61.3131,0.3754,11.4248,1.6871,21.6424,fear,50,12.01,
Mikal Bridges,2022-04-27 000000,XzH_0qnmPgI,https://www.youtube.com/watch?v=XzH_0qnmPgI,6.0884,0.0052,9.2705,30.5605,11.0627,3.1014,39.9113,neutral,50,12.26,12.3
Mikal Bridges,2022-04-20 000000,OO0__QOjlAY,https://www.youtube.com/watch?v=OO0__QOjlAY,6.8315,0.0007,20.0335,0.9916,14.6589,31.5176,25.9661,neutral,50,12.1,13.8
Mikal Bridges,2022-04-09 000000,zR99Mg0yZ_I,https://www.youtube.com/watch?v=zR99Mg0yZ_I,4.3355,0.003,31.0434,2.1047,24.1283,9.9338,28.4512,fear,50,12.24,-0.7
Mikal Bridges,2022-04-02 000000,1XmjHQhZ_yc,https://www.youtube.com/watch?v=1XmjHQhZ_yc,2.7697,0.0272,42.1671,9.4708,20.1033,2.2783,23.1835,fear,50,12.33,9.1
Mikal Bridges,2022-03-31 000000,fPUVH1m0ZbM,https://www.youtube.com/watch?v=fPUVH1m0ZbM,6.296,0.0068,15.2245,3.9665,25.0594,1.4522,47.9946,neutral,50,12.29,15.7
Mikal Bridges,2022-03-21 000000,KwQy19frUrg,https://www.youtube.com/watch?v=KwQy19frUrg,3.5993,0.0011,1.5962,1.5073,28.8837,0.0651,64.3473,neutral,50,12.14,14.4
Mikal Bridges,2022-03-16 000000,Rb-soT89LEM,https://www.youtube.com/watch?v=Rb-soT89LEM,9.9209,0.3538,23.8628,3.8692,31.316,2.2641,28.4133,neutral,50,11.9,23.7
Mikal Bridges,2022-03-12 000000,MzGgefHjXZA,https://www.youtube.com/watch?v=MzGgefHjXZA,3.1655,0.001,26.1776,0.2032,39.9409,1.2579,29.2539,sad,50,11.76,18.6
Mikal Bridges,2022-03-10 000000,SfLEAIBH4H0,https://www.youtube.com/watch?v=SfLEAIBH4H0,2.7466,0.0044,63.8617,2.7354,3.8235,9.7527,17.0756,fear,50,11.8,9.3
Mikal Bridges,2022-02-17 000000,jDxjACmOsZM,https://www.youtube.com/watch?v=jDxjACmOsZM,2.5412,0.0174,25.8373,3.2219,24.2484,3.3426,40.7912,neutral,50,11.52,18.7
Mikal Bridges,2022-02-16 000000,hLzNG3wN9tw,https://www.youtube.com/watch?v=hLzNG3wN9tw,1.8141,0.0045,14.9512,4.4009,37.5815,0.1855,41.0622,neutral,50,11.5,12.7
Mikal Bridges,2022-02-11 000000,Hl2-p_g3hwY,https://www.youtube.com/watch?v=Hl2-p_g3hwY,4.5818,0.0103,31.0908,19.5516,21.7999,2.8552,20.1104,fear,50,11.4,12.6
Mikal Bridges,2022-02-09 000000,S47M_ZAA3Mg,https://www.youtube.com/watch?v=S47M_ZAA3Mg,18.739,0.0027,23.7907,4.011,21.657,0.1276,31.6719,neutral,50,11.35,14.2
Mikal Bridges,2022-02-02 000000,9dV5W51xEzE,https://www.youtube.com/watch?v=9dV5W51xEzE,20.6184,0.0004,23.9397,35.1487,3.776,1.5309,14.986,happy,50,10.98,19.9
Mikal Bridges,2022-01-29 000000,JjgCgB8tCWs,https://www.youtube.com/watch?v=JjgCgB8tCWs,5.5592,0.0009,17.9664,5.6418,32.6935,3.1452,34.9929,sad,50,10.36,22.6
Mikal Bridges,2022-01-23 000000,#NAME?,https://www.youtube.com/watch?v=-kROonsa0nw,1.7453,0.0202,19.343,3.0556,6.704,4.1507,64.9812,neutral,50,10.42,6.6
Mikal Bridges,2022-01-09 000000,WsC1QgIQJWQ,https://www.youtube.com/watch?v=WsC1QgIQJWQ,1.9083,0.0032,25.5522,10.0984,21.3851,0.874,40.1787,neutral,50,10.48,5.4
Mikal Bridges,2022-01-05 000000,Pfgxhl26D_I,https://www.youtube.com/watch?v=Pfgxhl26D_I,5.9551,0.121,17.0687,22.7472,16.6452,0.2874,37.1754,neutral,50,10.47,3.8
Mikal Bridges,2021-12-26 000000,cLm4siNZ5hg,https://www.youtube.com/watch?v=cLm4siNZ5hg,0.0709,0.0777,0.8578,22.6795,36.4844,0.0013,39.8284,neutral,50,10.47,10.9
Mikal Bridges,2021-12-14 000000,r3vxFi5imh0,https://www.youtube.com/watch?v=r3vxFi5imh0,23.7467,0.1104,16.1298,11.94,24.7216,3.7479,19.6036,sad,50,10.8,5.9
Paul George,2022-04-07 000000,LEmiUjP2MPk,https://www.youtube.com/watch?v=LEmiUjP2MPk,7.3955,0.1958,31.5732,0.2892,42.3526,3.0931,15.1005,sad,50,16.53,24.0
Paul George,2022-03-30 000000,CGdPvq-mN0Q,https://www.youtube.com/watch?v=CGdPvq-mN0Q,11.5115,0.0281,13.3439,0.0687,13.5661,2.6161,58.8655,neutral,50,16.8,11.9
Paul George,2021-12-21 000000,iKFUOtUm3VQ,https://www.youtube.com/watch?v=iKFUOtUm3VQ,2.5751,0.0008,8.2118,0.0124,9.6539,0.0772,79.4687,neutral,50,16.36,15.1
Paul George,2021-12-07 000000,RYXp4fc0K1Y,https://www.youtube.com/watch?v=RYXp4fc0K1Y,1.3849,0.0013,55.7336,0.4235,9.8329,21.2062,11.4175,fear,50,16.21,19.9
Paul George,2021-11-24 000000,dkYM5ApPhLA,https://www.youtube.com/watch?v=dkYM5ApPhLA,2.4892,0.0,13.1629,0.0102,0.6263,3.2209,80.4905,neutral,50,17.81,5.5
Paul George,2021-11-19 000000,q8sMFnJxUNg,https://www.youtube.com/watch?v=q8sMFnJxUNg,0.2795,0.0539,24.217,24.5804,19.7354,13.5765,17.5574,fear,50,18.71,9.5
Paul George,2021-11-15 000000,wVEl2jAak0o,https://www.youtube.com/watch?v=wVEl2jAak0o,0.1321,0.0005,3.8546,0.0372,0.2582,4.9303,90.787,neutral,50,18.42,21.9
Paul George,2021-11-12 000000,Epx7iedAYIM,https://www.youtube.com/watch?v=Epx7iedAYIM,14.0098,0.1489,30.0157,0.9469,3.8431,13.7675,37.2681,neutral,50,18.77,16.2
Paul George,2021-11-10 000000,cPq8bm4dsNg,https://www.youtube.com/watch?v=cPq8bm4dsNg,0.8307,0.016,13.8305,2.3024,1.3224,4.6819,77.0161,neutral,50,18.75,19.0
Paul George,2021-11-04 000000,5fG_7MZfMqM,https://www.youtube.com/watch?v=5fG_7MZfMqM,1.4325,0.0048,5.5494,3.8183,5.1412,15.7208,68.3329,neutral,50,21.81,10.8
Paul George,2021-11-02 000000,n9WFsao8ffw,https://www.youtube.com/watch?v=n9WFsao8ffw,0.4032,0.0001,9.5098,0.417,0.3145,0.2541,89.1013,neutral,50,21.5,23.7
Paul George,2021-10-30 000000,9QhMVflmDdA,https://www.youtube.com/watch?v=9QhMVflmDdA,4.7202,0.0015,41.7076,0.9904,18.9584,5.0747,28.5472,fear,50,20.74,25.3
Paul George,2021-10-28 000000,RdY8g-nl09k,https://www.youtube.com/watch?v=RdY8g-nl09k,6.9462,0.1724,33.6591,0.0698,2.1431,56.2307,0.7787,surprise,50,18.15,31.1
Paul George,2021-10-22 000000,5gD5KWsP-6U,https://www.youtube.com/watch?v=5gD5KWsP-6U,10.1929,0.0621,42.5906,0.4487,18.9518,20.3929,7.361,fear,50,23.4,33.5
Reggie Jackson,2022-03-17 000000,YOo75w5iPsI,https://www.youtube.com/watch?v=YOo75w5iPsI,0.7533,0.0001,30.2193,0.9264,1.463,0.4197,66.2182,neutral,50,10.62,2.8
Reggie Jackson,2022-03-12 000000,aWvuYR-_ing,https://www.youtube.com/watch?v=aWvuYR-_ing,21.7865,0.0063,62.5288,0.2048,3.2751,0.1495,12.0489,fear,50,10.47,15.4
Reggie Jackson,2022-03-04 000000,iPkpmUpM40Y,https://www.youtube.com/watch?v=iPkpmUpM40Y,18.6715,0.0046,6.7758,1.7028,12.9342,0.8342,59.077,neutral,50,10.5,2.5
Reggie Jackson,2022-02-26 000000,Qcw0iHGZ_CY,https://www.youtube.com/watch?v=Qcw0iHGZ_CY,0.4179,0.0,25.2265,0.0053,3.8321,8.2022,62.3159,neutral,50,10.11,14.0
Reggie Jackson,2022-02-15 000000,65g8eeJ0DQA,https://www.youtube.com/watch?v=65g8eeJ0DQA,1.269,0.0,8.5924,1.6085,57.1715,0.0113,31.3473,sad,50,10.15,1.6
Reggie Jackson,2022-02-11 000000,6Moeu4Q1WZ8,https://www.youtube.com/watch?v=6Moeu4Q1WZ8,11.579,0.0004,2.888,16.5105,38.6349,0.0367,30.3505,sad,50,9.85,20.9
Reggie Jackson,2022-02-09 000000,nwgBIzLovfk,https://www.youtube.com/watch?v=nwgBIzLovfk,6.9854,0.0005,6.2944,0.9659,17.8058,0.0048,67.9431,neutral,50,9.77,14.1
Reggie Jackson,2022-02-04 000000,8-wPGC_57lE,https://www.youtube.com/watch?v=8-wPGC_57lE,21.907,0.0,72.2904,2.2393,2.0008,1.1315,0.431,fear,50,10.0,5.5
Reggie Jackson,2022-01-22 000000,fPXnr0tsaHI,https://www.youtube.com/watch?v=fPXnr0tsaHI,1.2456,0.0002,14.1545,1.2932,62.1251,0.1526,21.0288,sad,50,9.86,19.3
Reggie Jackson,2022-01-20 000000,NUi5RnGPjV8,https://www.youtube.com/watch?v=NUi5RnGPjV8,2.5673,0.0001,60.0562,0.0842,25.5741,0.6108,11.1072,fear,50,9.72,15.6
Reggie Jackson,2022-01-07 000000,asCmm-PES4M,https://www.youtube.com/watch?v=asCmm-PES4M,1.6232,0.0013,7.6933,53.48,6.3557,0.0421,30.8043,happy,50,9.8,7.2
Reggie Jackson,2022-01-01 000000,R-zi_bMZQSU,https://www.youtube.com/watch?v=R-zi_bMZQSU,2.2711,0.0161,5.228,1.1925,23.8159,1.7467,65.7298,neutral,50,10.16,14.9
Reggie Jackson,2021-12-05 000000,6AjKt9pRAgU,https://www.youtube.com/watch?v=6AjKt9pRAgU,6.6695,0.1862,33.322,1.4141,46.5345,0.7527,11.121,sad,50,10.21,11.1
Reggie Jackson,2021-11-22 000000,8S7KAQLzCCA,https://www.youtube.com/watch?v=8S7KAQLzCCA,26.959,0.0,63.2065,1.9711,0.1051,4.7351,3.0231,fear,50,10.48,22.7
Reggie Jackson,2021-11-14 000000,cPFbGJwSzmQ,https://www.youtube.com/watch?v=cPFbGJwSzmQ,12.7354,0.0,27.3138,33.6619,8.8874,0.0001,17.4015,happy,50,11.55,6.4
Reggie Jackson,2021-11-04 000000,hMOJth0U8xg,https://www.youtube.com/watch?v=hMOJth0U8xg,0.4399,0.0,0.1043,53.9341,10.1773,0.0009,35.3435,happy,50,9.77,13.6
Reggie Jackson,2021-11-02 000000,Xn6OLynHFb0,https://www.youtube.com/watch?v=Xn6OLynHFb0,4.297,0.0169,63.0459,0.3214,3.2625,0.811,28.2453,fear,50,7.15,25.5
Reggie Jackson,2021-10-28 000000,duLsc-nBmh8,https://www.youtube.com/watch?v=duLsc-nBmh8,68.7616,0.0,1.5859,0.3414,0.4875,0.0078,28.8159,angry,50,8.62,3.4
Russell Westbrook,2022-04-06 000000,RteM-_5avn0,https://www.youtube.com/watch?v=RteM-_5avn0,27.675,0.4808,13.4422,4.0289,8.8034,24.3868,21.1828,angry,50,13.42,
Russell Westbrook,2022-04-02 000000,BUJqw8LizOA,https://www.youtube.com/watch?v=BUJqw8LizOA,0.8322,0.0009,11.7562,27.694,13.3107,0.0836,46.3224,neutral,50,13.24,26.3
Russell Westbrook,2022-04-01 000000,iVoVV7YXFg4,https://www.youtube.com/watch?v=iVoVV7YXFg4,0.3487,0.0004,76.7389,1.9581,10.0537,3.8226,7.0776,fear,50,13.34,5.6
Russell Westbrook,2022-03-30 000000,93kxeNkoKyA,https://www.youtube.com/watch?v=93kxeNkoKyA,15.0309,3.9446,56.8587,6.2132,15.4105,0.0262,2.5159,fear,50,13.3,16.7
Russell Westbrook,2022-03-28 000000,m0XDMoLKXDk,https://www.youtube.com/watch?v=m0XDMoLKXDk,6.5309,0.0075,34.8769,8.7434,13.2254,11.0498,25.566,fear,50,13.2,20.1
Russell Westbrook,2022-03-24 000000,7lPQz9_OWsU,https://www.youtube.com/watch?v=7lPQz9_OWsU,33.7009,0.0051,9.528,4.9645,38.3939,0.01,13.3976,angry,50,13.17,15.4
Russell Westbrook,2022-03-22 000000,PX6vGImIB7w,https://www.youtube.com/watch?v=PX6vGImIB7w,10.8967,0.9077,33.7906,12.3097,14.0727,6.6066,21.4159,fear,50,13.15,15.1
Russell Westbrook,2022-03-20 000000,0GmWUVNbLoM,https://www.youtube.com/watch?v=0GmWUVNbLoM,15.921,0.0008,20.4641,0.9298,47.1618,0.0188,15.5038,sad,50,13.06,19.4
Russell Westbrook,2022-03-19 000000,aaxQNBQpU2c,https://www.youtube.com/watch?v=aaxQNBQpU2c,23.9965,0.0331,9.0783,7.3691,9.277,11.0142,39.2318,neutral,50,12.95,20.4
Russell Westbrook,2022-03-17 000000,Mn6d_awfvOM,https://www.youtube.com/watch?v=Mn6d_awfvOM,4.075,0.0,3.1615,34.2228,34.657,2.829,21.0547,sad,50,12.86,19.2
Russell Westbrook,2022-03-12 000000,XBpx39GWGDg,https://www.youtube.com/watch?v=XBpx39GWGDg,14.3057,0.0025,35.3187,8.1871,13.5066,7.9118,20.7675,fear,50,12.99,5.6
Russell Westbrook,2022-03-10 000000,TQxI0eqFDz8,https://www.youtube.com/watch?v=TQxI0eqFDz8,11.4219,0.0254,43.8157,14.9048,13.6116,0.8218,15.3989,fear,50,13.13,3.6
Russell Westbrook,2022-03-08 000000,2tT7vdVdOzc,https://www.youtube.com/watch?v=2tT7vdVdOzc,44.5773,0.0086,15.0464,15.9675,6.1224,0.2727,18.0052,angry,50,12.95,25.0
Russell Westbrook,2022-03-06 000000,g48UnMnR2D8,https://www.youtube.com/watch?v=g48UnMnR2D8,8.8178,0.0293,25.1798,35.648,16.8583,0.2702,13.1966,happy,50,13.02,8.2
Russell Westbrook,2022-03-04 000000,QA_ZY9L2B4M,https://www.youtube.com/watch?v=QA_ZY9L2B4M,0.3544,0.0593,14.5985,36.4252,22.8806,0.3009,25.3812,happy,50,13.1,8.3
Russell Westbrook,2022-03-02 000000,lCqgP3wRhRs,https://www.youtube.com/watch?v=lCqgP3wRhRs,14.6238,0.0,26.6974,0.0978,9.0479,4.7196,44.8135,neutral,50,13.15,9.9
Russell Westbrook,2022-02-26 000000,0kxRLq2GknU,https://www.youtube.com/watch?v=0kxRLq2GknU,3.3442,0.0157,23.7145,24.8117,3.5561,1.7734,42.7845,neutral,50,13.36,2.8
Russell Westbrook,2022-02-17 000000,OyRRxP6v7YM,https://www.youtube.com/watch?v=OyRRxP6v7YM,14.8174,0.0031,41.3023,18.5731,12.3471,0.5069,12.4501,fear,50,13.46,7.5
Russell Westbrook,2022-02-09 000000,vwFGhpUyuuY,https://www.youtube.com/watch?v=vwFGhpUyuuY,7.3794,0.0209,29.5666,28.9259,9.0286,0.8523,24.2263,happy,50,13.43,17.1
Russell Westbrook,2022-02-06 000000,vEuDw74BA38,https://www.youtube.com/watch?v=vEuDw74BA38,1.0492,0.0347,22.1984,2.0206,21.4558,1.0051,52.2362,neutral,50,13.57,5.9
Russell Westbrook,2022-02-04 000000,4wCKiXaYhtY,https://www.youtube.com/watch?v=4wCKiXaYhtY,48.0646,0.0001,6.4409,8.6325,22.8557,1.065,12.9413,angry,50,13.84,-0.5
Russell Westbrook,2022-02-03 000000,p5ofWnlyD6s,https://www.youtube.com/watch?v=p5ofWnlyD6s,28.3474,0.0,34.4933,0.4232,28.545,0.023,8.168,fear,50,13.9,10.8
Russell Westbrook,2022-01-29 000000,MC0bwCsCeYc,https://www.youtube.com/watch?v=MC0bwCsCeYc,6.2825,0.0073,19.5217,31.5545,18.2566,1.7245,22.6529,happy,50,13.89,18.6
Russell Westbrook,2022-01-28 000000,pKn7B1mD-cQ,https://www.youtube.com/watch?v=pKn7B1mD-cQ,0.4108,0.0064,17.0449,0.5033,1.0888,0.0113,80.9345,neutral,50,13.66,25.4
Russell Westbrook,2022-01-24 000000,ibCF5xtEC0E,https://www.youtube.com/watch?v=ibCF5xtEC0E,2.2617,0.0015,65.586,19.8483,6.488,0.6322,5.1823,fear,50,13.83,7.4
Russell Westbrook,2022-01-16 000000,72w2dB1d6_k,https://www.youtube.com/watch?v=72w2dB1d6_k,11.3259,0.0948,15.1145,35.1135,8.1218,5.7021,24.5272,happy,50,13.87,9.6
Russell Westbrook,2022-01-10 000000,QI_rt8hSJc8,https://www.youtube.com/watch?v=QI_rt8hSJc8,1.6381,0.0282,35.1743,1.9403,39.4178,0.395,21.4063,sad,50,14.03,6.4
Russell Westbrook,2022-01-05 000000,PcKvAUa5NFQ,https://www.youtube.com/watch?v=PcKvAUa5NFQ,1.2298,0.0,69.2246,0.2765,8.9637,0.0013,20.3041,fear,50,14.43,7.4
Russell Westbrook,2022-01-03 000000,pNcNizwaTbk,https://www.youtube.com/watch?v=pNcNizwaTbk,15.944,0.0206,12.8362,4.5021,19.7574,0.1442,46.7957,neutral,50,14.48,12.5
Russell Westbrook,2022-01-01 000000,hxJ1immo5kQ,https://www.youtube.com/watch?v=hxJ1immo5kQ,0.0016,0.0,6.3669,0.5803,0.0001,92.7937,0.2573,surprise,50,14.71,5.9
Russell Westbrook,2021-12-30 000000,W_BdJ-5kc0U,https://www.youtube.com/watch?v=W_BdJ-5kc0U,11.878,0.0,17.7018,12.7742,7.8012,31.8442,18.0006,surprise,50,14.59,19.1
Russell Westbrook,2021-12-29 000000,kSq0SVGZRn0,https://www.youtube.com/watch?v=kSq0SVGZRn0,0.2861,0.0319,73.0401,1.9171,16.077,1.8125,6.8353,fear,50,14.64,12.8
Russell Westbrook,2021-12-24 000000,#NAME?,https://www.youtube.com/watch?v=-_fAYHg4iCY,11.4554,0.0267,8.3962,23.2254,10.2169,0.0881,46.5912,neutral,50,14.58,9.5
Russell Westbrook,2021-12-22 000000,WTrta-k-25g,https://www.youtube.com/watch?v=WTrta-k-25g,0.6328,0.0028,44.8788,0.2978,52.3967,0.5468,1.2442,sad,50,14.45,18.9
Russell Westbrook,2021-12-20 000000,TfeJwOw-Zlg,https://www.youtube.com/watch?v=TfeJwOw-Zlg,7.9365,0.0,2.9842,3.0597,85.5637,0.0002,0.4557,sad,50,14.5,12.9
Russell Westbrook,2021-12-18 000000,TNU4fQM7j4s,https://www.youtube.com/watch?v=TNU4fQM7j4s,1.2182,0.0011,18.0014,29.2946,1.0149,32.152,18.3177,surprise,50,14.56,12.6
Russell Westbrook,2021-12-16 000000,xzpo_zdHMT8,https://www.youtube.com/watch?v=xzpo_zdHMT8,1.8546,0.0225,6.821,83.3231,7.9742,0.0,0.0047,happy,50,14.7,10.5
Russell Westbrook,2021-12-13 000000,gXEKBd_EG6g,https://www.youtube.com/watch?v=gXEKBd_EG6g,0.4259,0.0,4.2844,0.0146,19.6712,1.0497,74.5542,neutral,50,14.6,17.7
Russell Westbrook,2021-11-27 000000,UVXbP0MaQko,https://www.youtube.com/watch?v=UVXbP0MaQko,29.9466,0.0159,24.2443,4.4659,28.3898,2.4969,10.4406,angry,50,15.21,22.3
Russell Westbrook,2021-11-25 000000,v7tXwY2rArQ,https://www.youtube.com/watch?v=v7tXwY2rArQ,5.6404,0.0809,16.0784,5.641,37.3845,4.1478,31.027,sad,50,14.49,29.7
Russell Westbrook,2021-11-24 000000,XFZW9p9tox0,https://www.youtube.com/watch?v=XFZW9p9tox0,22.1943,1.3607,7.5036,44.4138,2.339,16.0359,6.1527,happy,50,14.61,12.2
Russell Westbrook,2021-11-20 000000,DqJUtRMmIgg,https://www.youtube.com/watch?v=DqJUtRMmIgg,11.798,0.4519,41.2684,10.0245,11.9261,4.2661,20.265,fear,50,13.38,21.6
Russell Westbrook,2021-11-18 000000,pkn9YP90cT8,https://www.youtube.com/watch?v=pkn9YP90cT8,18.0751,0.0009,11.4054,17.6753,10.5801,1.8893,40.3739,neutral,50,13.81,6.5
Russell Westbrook,2021-11-13 000000,CP6FG1FE8ko,https://www.youtube.com/watch?v=CP6FG1FE8ko,4.2429,0.0035,73.2466,1.3001,2.8199,0.9093,17.4778,fear,50,13.38,10.3
Russell Westbrook,2021-11-11 000000,cU8GGRvQxug,https://www.youtube.com/watch?v=cU8GGRvQxug,6.0855,0.0662,53.6537,7.8543,16.8976,7.838,7.6047,fear,50,13.45,12.5
Russell Westbrook,2021-11-09 000000,9cAsTkDX1AY,https://www.youtube.com/watch?v=9cAsTkDX1AY,4.3002,0.0052,51.7338,11.3908,12.6128,0.5624,19.3948,fear,50,12.87,19.8
Russell Westbrook,2021-11-07 000000,NXqbB6MKkgw,https://www.youtube.com/watch?v=NXqbB6MKkgw,19.4676,0.2754,32.2665,3.7071,13.0227,11.8936,19.3671,fear,50,12.61,15.5
Russell Westbrook,2021-11-05 000000,tpkoXPP39hs,https://www.youtube.com/watch?v=tpkoXPP39hs,9.2749,0.0201,6.8055,15.8721,7.1967,0.5608,60.2699,neutral,50,13.94,0.6
Russell Westbrook,2021-11-03 000000,wN3H6IVCfkc,https://www.youtube.com/watch?v=wN3H6IVCfkc,0.1815,0.0021,55.4612,3.5563,2.5817,30.4317,7.7854,fear,50,13.71,15.8
Russell Westbrook,2021-11-01 000000,ShgiIIXOGCM,https://www.youtube.com/watch?v=ShgiIIXOGCM,15.183,0.0585,58.4247,2.8438,10.4417,3.1404,9.9078,fear,50,12.51,22.1
Russell Westbrook,2021-10-28 000000,30F1tKb3pvg,https://www.youtube.com/watch?v=30F1tKb3pvg,6.1767,0.0115,19.1354,2.0691,49.0709,1.2556,22.2808,sad,50,11.94,13.6
Russell Westbrook,2021-10-27 000000,_wzUutTotrw,https://www.youtube.com/watch?v=_wzUutTotrw,0.0223,0.0,14.2809,2.8557,8.6712,41.6371,32.5329,surprise,50,11.65,13.1
Russell Westbrook,2021-10-23 000000,GRdOUHjdR9w,https://www.youtube.com/watch?v=GRdOUHjdR9w,15.3201,0.0032,14.7865,6.6724,41.52,6.0955,15.6024,sad,50,5.8,9.1
Russell Westbrook,2021-10-20 000000,jDIVKysJZk4,https://www.youtube.com/watch?v=jDIVKysJZk4,2.4915,0.0043,7.3192,68.5868,16.5987,0.5147,4.4848,happy,50,-0.4,12.0
Steph Curry,2022-06-03 000000,l1JPqXnw8SI,https://www.youtube.com/watch?v=l1JPqXnw8SI,10.0785,0.1343,34.6562,1.9454,34.8535,3.2058,15.1264,sad,50,19.18,22.3
Steph Curry,2022-05-27 000000,RGSG69xcJMk,https://www.youtube.com/watch?v=RGSG69xcJMk,3.6705,0.024,11.9268,4.2798,39.8463,1.9435,38.309,sad,50,19.1,25.7
Steph Curry,2022-05-25 000000,8vnETfkLL3k,https://www.youtube.com/watch?v=8vnETfkLL3k,4.5892,0.4381,12.9428,0.4375,39.5182,10.8671,31.2072,sad,50,19.18,13.2
Steph Curry,2022-05-23 000000,X7BDinBqb5Q,https://www.youtube.com/watch?v=X7BDinBqb5Q,1.2462,0.0002,20.8403,0.4052,8.6045,0.7094,68.1943,neutral,50,19.21,16.5
Steph Curry,2022-05-23 000000,X7BDinBqb5Q,https://www.youtube.com/watch?v=X7BDinBqb5Q,1.2462,0.0002,20.8403,0.4052,8.6045,0.7094,68.1943,neutral,50,19.21,16.5
Steph Curry,2022-05-21 000000,Fv9aZbkLIBc,https://www.youtube.com/watch?v=Fv9aZbkLIBc,11.3937,0.0245,9.7126,1.4286,34.1592,0.7957,42.4858,neutral,50,19.13,25.6
Steph Curry,2022-05-14 000000,DnZ1tDupijg,https://www.youtube.com/watch?v=DnZ1tDupijg,15.4986,0.1199,24.8979,4.3619,29.3608,0.9411,24.8199,sad,50,19.12,16.1
Steph Curry,2022-05-12 000000,l9BIR4i01Ew,https://www.youtube.com/watch?v=l9BIR4i01Ew,4.0569,0.0178,11.2163,2.8039,24.5953,0.018,57.2918,neutral,50,19.14,17.5
Steph Curry,2022-05-10 000000,rLyEF7wkjI4,https://www.youtube.com/watch?v=rLyEF7wkjI4,34.0134,0.1323,19.8476,2.5812,25.4906,4.4433,13.4918,angry,50,19.27,9.5
Steph Curry,2022-05-04 000000,2fR6q0Df6zA,https://www.youtube.com/watch?v=2fR6q0Df6zA,7.7837,0.0087,11.2617,2.1483,33.1506,3.1576,42.4894,neutral,50,19.12,27.0
Steph Curry,2022-05-02 000000,w3tgJx1PIPk,https://www.youtube.com/watch?v=w3tgJx1PIPk,5.306,0.0485,19.3513,5.1523,15.8518,3.0817,51.2084,neutral,50,19.13,19.0
Steph Curry,2022-04-28 000000,zI4mwWDH64U,https://www.youtube.com/watch?v=zI4mwWDH64U,15.8736,0.0328,13.971,6.4469,17.7605,0.9008,45.0145,neutral,50,19.2,14.2
Steph Curry,2022-04-22 000000,Ag1EU4-6zlE,https://www.youtube.com/watch?v=Ag1EU4-6zlE,7.4836,0.0038,25.4104,6.2152,20.6084,2.9121,37.3665,neutral,50,19.06,28.1
Steph Curry,2022-04-17 000000,PNWfxf-WOVA,https://www.youtube.com/watch?v=PNWfxf-WOVA,11.4466,0.0356,15.785,4.0777,22.6777,0.2864,45.6908,neutral,50,18.94,28.3
Steph Curry,2022-03-15 000000,oFMibFdPpAE,https://www.youtube.com/watch?v=oFMibFdPpAE,31.6844,0.0152,12.7059,4.3402,29.0828,8.1572,14.0143,sad,50,19.37,-2.5
Steph Curry,2022-03-11 000000,ufJvFxPLLog,https://www.youtube.com/watch?v=ufJvFxPLLog,4.5001,0.0216,60.375,4.1904,2.2694,12.2668,16.3769,fear,50,19.2,9.1
Steph Curry,2022-03-09 000000,3xfkmxYsX3w,https://www.youtube.com/watch?v=3xfkmxYsX3w,15.1456,0.1655,9.3768,4.0619,38.6731,1.2049,31.3722,sad,50,19.05,28.1
Steph Curry,2022-03-06 000000,GCAFj4EfaBI,https://www.youtube.com/watch?v=GCAFj4EfaBI,4.0426,0.0302,9.0108,7.2434,27.7036,0.1653,51.8042,neutral,50,19.18,11.0
Steph Curry,2022-03-04 000000,eNxrgbb8FT8,https://www.youtube.com/watch?v=eNxrgbb8FT8,4.6883,0.0206,57.4366,0.3921,21.7828,0.1253,15.5544,fear,50,19.21,17.7
Steph Curry,2022-03-02 000000,IwDYks091kw,https://www.youtube.com/watch?v=IwDYks091kw,1.1408,0.0023,16.5673,0.0318,24.3359,0.6123,57.3096,neutral,50,19.22,18.3
Steph Curry,2022-02-28 000000,DKD4N60KFec,https://www.youtube.com/watch?v=DKD4N60KFec,9.1607,0.0858,21.6207,1.085,44.6922,0.167,23.1885,sad,50,19.18,21.5
Steph Curry,2022-02-17 000000,DpcHSQllgz4,https://www.youtube.com/watch?v=DpcHSQllgz4,6.8873,0.0,6.6954,59.9656,2.625,0.4074,23.4192,happy,50,19.08,21.1
Steph Curry,2022-02-13 000000,S4dt6aB3Igw,https://www.youtube.com/watch?v=S4dt6aB3Igw,14.4628,0.1053,6.522,33.3959,29.0656,0.4661,15.9824,happy,50,19.05,22.0
Steph Curry,2022-02-08 000000,wS6-7Dg1nbs,https://www.youtube.com/watch?v=wS6-7Dg1nbs,3.0505,0.028,29.9775,30.2301,6.2935,17.6582,12.7622,happy,50,19.13,7.6
Steph Curry,2022-02-04 000000,lOt7NQHRA38,https://www.youtube.com/watch?v=lOt7NQHRA38,16.1652,0.0775,5.3587,19.3816,45.5357,0.0438,13.4375,sad,50,19.16,17.9
Steph Curry,2022-02-01 000000,f8mCx2ij3ug,https://www.youtube.com/watch?v=f8mCx2ij3ug,4.6541,0.0094,18.0614,2.8494,33.6198,0.3983,40.4076,neutral,50,19.21,16.7
Steph Curry,2022-01-28 000000,S8alUeuIf2Q,https://www.youtube.com/watch?v=S8alUeuIf2Q,10.3328,0.18,6.4188,4.4561,43.5074,0.0891,35.0158,sad,50,18.95,12.9
Steph Curry,2022-01-24 000000,MG6_f-vtGrM,https://www.youtube.com/watch?v=MG6_f-vtGrM,45.4568,0.2856,4.9142,0.3275,42.2261,0.1327,6.6571,sad,50,18.96,13.4
Steph Curry,2022-01-22 000000,zYhh1uNQ7RM,https://www.youtube.com/watch?v=zYhh1uNQ7RM,10.8162,0.1324,3.9911,0.4166,38.5793,2.032,44.0325,neutral,50,19.26,6.2
Steph Curry,2022-01-21 000000,KtaQjnEi1Ac,https://www.youtube.com/watch?v=KtaQjnEi1Ac,6.1282,0.013,30.3036,0.5228,45.5414,0.5241,16.9669,sad,50,19.32,17.0
Steph Curry,2022-01-14 000000,souS5RFJPoY,https://www.youtube.com/watch?v=souS5RFJPoY,0.0132,0.0001,58.7025,5.5333,1.3158,3.4333,31.0017,fear,50,19.17,12.9
Steph Curry,2022-01-12 000000,9BXYK7kilqs,https://www.youtube.com/watch?v=9BXYK7kilqs,0.6256,0.0012,29.1964,0.2131,31.2879,0.0519,38.6239,neutral,50,19.45,9.1
Steph Curry,2022-01-10 000000,0zoz8zBPtwE,https://www.youtube.com/watch?v=0zoz8zBPtwE,13.5199,1.7491,9.4283,3.1133,30.3316,0.4115,41.4463,neutral,50,19.34,23.3
Steph Curry,2022-01-02 000000,XrYI7HtuoRk,https://www.youtube.com/watch?v=XrYI7HtuoRk,0.8355,0.0149,9.9291,2.0285,48.1847,0.0026,39.0047,sad,50,20.43,3.7
Steph Curry,2021-12-29 000000,P0zWjaXmrTE,https://www.youtube.com/watch?v=P0zWjaXmrTE,19.2061,0.0482,11.925,16.6034,28.0184,0.3102,23.8888,sad,50,20.36,22.8
Steph Curry,2021-12-26 000000,BqViRzJHQ84,https://www.youtube.com/watch?v=BqViRzJHQ84,3.2354,0.0078,38.6518,5.5442,25.2088,12.2555,15.0965,fear,50,20.67,10.6
Steph Curry,2021-12-24 000000,Pq4KfuttCjo,https://www.youtube.com/watch?v=Pq4KfuttCjo,11.3929,0.0244,10.3726,25.9362,31.4134,4.8745,15.986,sad,50,20.54,24.6
Steph Curry,2021-12-18 000000,lKV8YkCl3fU,https://www.youtube.com/watch?v=lKV8YkCl3fU,2.9975,0.002,51.2579,0.7265,25.2791,5.6585,14.0785,fear,50,20.05,16.6
Steph Curry,2021-12-15 000000,qmJCH76_05M,https://www.youtube.com/watch?v=qmJCH76_05M,2.502,0.0005,21.2676,33.2316,8.1512,0.8377,34.0093,neutral,50,20.2,15.8
Steph Curry,2021-12-14 000000,7OKbD2JYFAk,https://www.youtube.com/watch?v=7OKbD2JYFAk,12.4998,0.0129,20.9289,16.5119,15.0507,21.1532,13.8427,surprise,50,20.57,10.6
Steph Curry,2021-12-12 000000,Uhg2SXvSbps,https://www.youtube.com/watch?v=Uhg2SXvSbps,1.749,0.0588,11.9012,1.5991,83.866,0.0154,0.8106,sad,50,20.76,15.9
Steph Curry,2021-12-04 000000,DjmRkroG_Bk,https://www.youtube.com/watch?v=DjmRkroG_Bk,6.0361,0.0027,16.0182,20.9851,17.5723,1.1181,38.2677,neutral,50,21.6,17.7
Steph Curry,2021-12-01 000000,uMKZ-pKyKCg,https://www.youtube.com/watch?v=uMKZ-pKyKCg,4.3237,0.0041,36.4179,1.6976,28.087,11.1552,18.3145,sad,50,21.99,13.8
Steph Curry,2021-11-19 000000,UlOSA5hL8FI,https://www.youtube.com/watch?v=UlOSA5hL8FI,2.5072,0.0025,16.54,2.3674,38.3686,7.3494,32.865,sad,50,23.65,8.6
Steph Curry,2021-11-17 000000,DxmNC5k7mws,https://www.youtube.com/watch?v=DxmNC5k7mws,24.7465,0.3467,19.6145,5.4123,31.6022,0.2717,18.006,sad,50,23.2,29.9
Steph Curry,2021-11-15 000000,cxDggmDg4H8,https://www.youtube.com/watch?v=cxDggmDg4H8,6.7089,0.0061,16.386,51.0321,15.0882,0.6726,10.1062,happy,50,22.43,33.2
Steph Curry,2021-11-11 000000,WS2U103iDzw,https://www.youtube.com/watch?v=WS2U103iDzw,6.0982,0.043,6.1863,2.7807,22.9428,0.3863,61.5628,neutral,50,21.99,29.2
Steph Curry,2021-11-09 000000,uxSAnp3vRNE,https://www.youtube.com/watch?v=uxSAnp3vRNE,5.7166,0.0031,64.3539,2.6062,15.6278,2.8415,8.8508,fear,50,22.28,19.1
Steph Curry,2021-11-06 000000,PlySBUqabDQ,https://www.youtube.com/watch?v=PlySBUqabDQ,14.7815,0.0006,26.0601,2.4277,18.1063,0.5021,38.1217,neutral,50,19.66,16.9
Steph Curry,2021-10-27 000000,xCR9J-r_bqg,https://www.youtube.com/watch?v=xCR9J-r_bqg,5.3315,0.0102,2.9556,0.6938,39.7896,0.1128,51.1065,neutral,50,22.48,23.4
Steph Curry,2021-10-25 000000,10Wk2NoN7PQ,https://www.youtube.com/watch?v=10Wk2NoN7PQ,4.7987,0.0035,11.1511,3.9951,27.273,0.1373,52.6414,neutral,50,24.33,16.9
Steph Curry,2021-10-22 000000,KEmKifdHZzU,https://www.youtube.com/watch?v=KEmKifdHZzU,8.227,0.0249,6.1077,9.1046,35.3015,1.6132,39.6211,neutral,50,24.9,23.2
Steph Curry,2021-10-20 000000,_0bfqNNbPj0,https://www.youtube.com/watch?v=_0bfqNNbPj0,5.7431,0.0023,27.6212,2.657,36.1735,0.9657,26.837,sad,50,17.3,32.5
Terance Mann,2022-03-23 000000,9LpQbxFy5vw,https://www.youtube.com/watch?v=9LpQbxFy5vw,0.8779,0.0116,29.3722,0.0453,48.9759,3.3518,17.3653,sad,50,9.22,7.7
Terance Mann,2022-03-17 000000,NhWdIY2LRnQ,https://www.youtube.com/watch?v=NhWdIY2LRnQ,2.6474,0.0,8.8319,0.0051,0.5685,4.4931,83.4542,neutral,50,8.97,10.6
Terance Mann,2022-03-15 000000,TGs4X8EvGk8,https://www.youtube.com/watch?v=TGs4X8EvGk8,11.3582,0.0523,8.9005,0.937,42.5501,0.2367,35.9651,sad,50,8.86,16.6
Terance Mann,2022-03-02 000000,UOibRL2W6ZY,https://www.youtube.com/watch?v=UOibRL2W6ZY,6.6775,0.0016,39.4791,0.5485,13.8162,18.0042,21.4729,fear,50,8.88,11.6
Terance Mann,2022-02-18 000000,J-HVsSclato,https://www.youtube.com/watch?v=J-HVsSclato,2.3355,0.0001,4.6266,0.4529,40.6651,0.0583,51.8616,neutral,50,8.68,19.5
Terance Mann,2022-02-15 000000,s_D2L3d97Bw,https://www.youtube.com/watch?v=s_D2L3d97Bw,18.2837,0.0,18.3789,0.2732,42.8201,0.8766,19.3674,sad,50,8.68,0.1
Terance Mann,2022-02-13 000000,f6Aas6tsBNI,https://www.youtube.com/watch?v=f6Aas6tsBNI,7.5622,0.0216,25.8736,0.0228,4.9387,3.6676,57.9133,neutral,50,8.46,21.5
Terance Mann,2022-01-14 000000,KK0UF0YifgI,https://www.youtube.com/watch?v=KK0UF0YifgI,0.6584,0.0009,3.8084,0.2519,90.3061,0.007,4.9673,sad,50,8.63,2.5
Terance Mann,2022-01-02 000000,uMt5ZJ8_QI4,https://www.youtube.com/watch?v=uMt5ZJ8_QI4,5.5674,0.0245,33.1931,50.8278,3.2385,2.5787,4.5699,happy,50,8.85,6.4
Terance Mann,2021-12-30 000000,zlQbkFybFVM,https://www.youtube.com/watch?v=zlQbkFybFVM,2.6116,0.002,23.2449,2.2594,17.8794,2.2263,51.7764,neutral,50,8.52,15.8
Terance Mann,2021-12-27 000000,0l-gE7yoafI,https://www.youtube.com/watch?v=0l-gE7yoafI,21.1279,0.0145,9.3099,6.0105,3.5628,0.1575,59.8168,neutral,50,8.54,2.8
Terance Mann,2021-12-09 000000,dQj-sfEhw_I,https://www.youtube.com/watch?v=dQj-sfEhw_I,0.4482,0.0104,1.2901,0.171,2.8845,0.0325,95.1633,neutral,50,7.71,16.5
Terance Mann,2021-11-14 000000,Ker2uySVmk4,https://www.youtube.com/watch?v=Ker2uySVmk4,7.015,0.0198,42.8157,2.4265,6.2274,3.2222,38.2735,fear,50,9.15,6.1
Terance Mann,2021-11-04 000000,OVQmmMwljHY,https://www.youtube.com/watch?v=OVQmmMwljHY,0.0067,0.0,37.2851,0.004,1.2947,0.0018,61.4077,neutral,50,9.11,9.9
Andrew Wiggins,2022-05-19 000000,Ev5Ku7Wcucg,https://www.youtube.com/watch?v=Ev5Ku7Wcucg,31.9471,0.0005,10.9208,2.5069,49.9296,4.0175,0.6774,sad,50,11.99,11.9
Andrew Wiggins,2022-03-13 000000,y6G2WR_sMDU,https://www.youtube.com/watch?v=y6G2WR_sMDU,16.7247,0.0021,13.4654,1.7425,26.9154,0.0763,41.0736,neutral,50,12.31,13.7
Andrew Wiggins,2022-03-02 000000,oBSw0xWt7-M,https://www.youtube.com/watch?v=oBSw0xWt7-M,0.1813,0.0,35.9317,0.0046,12.3915,2.9969,48.494,neutral,50,12.44,11.8
Andrew Wiggins,2022-02-15 000000,dQsem-Os4vA,https://www.youtube.com/watch?v=dQsem-Os4vA,38.4358,0.1637,9.1473,1.9217,10.8884,1.2958,38.1474,neutral,50,12.79,7.3
Andrew Wiggins,2022-01-28 000000,9Bwprz4xsMg,https://www.youtube.com/watch?v=9Bwprz4xsMg,23.3567,0.015,2.5722,1.1616,51.116,0.0125,21.7661,sad,50,12.75,22.8
Andrew Wiggins,2022-01-19 000000,guYzjTFZkgQ,https://www.youtube.com/watch?v=guYzjTFZkgQ,40.2588,0.0012,2.1642,2.8749,40.6143,0.0172,14.0694,sad,50,13.09,3.2
Andrew Wiggins,2021-12-18 000000,9WX8Wh5B8hI,https://www.youtube.com/watch?v=9WX8Wh5B8hI,8.238,0.1075,30.7737,8.8672,16.6303,2.9468,32.4364,neutral,50,13.17,14.0
Anthony Davis,2022-04-06 000000,JsQlRszK4gI,https://www.youtube.com/watch?v=JsQlRszK4gI,5.016,0.0036,10.1379,1.5341,61.2118,3.9623,18.1344,sad,50,19.94,
Anthony Davis,2022-04-02 000000,EUV2GWPb28g,https://www.youtube.com/watch?v=EUV2GWPb28g,10.2512,0.0068,12.4739,3.5408,46.3912,0.4977,26.8383,sad,50,19.88,25.7
Anthony Davis,2022-02-13 000000,wZIfxdyCymU,https://www.youtube.com/watch?v=wZIfxdyCymU,10.5363,0.02,5.9367,0.6268,38.4148,0.5541,43.9113,neutral,50,19.97,17.9
Anthony Davis,2022-02-09 000000,HuRGEREF95E,https://www.youtube.com/watch?v=HuRGEREF95E,3.5139,0.0278,14.1248,15.06,38.8038,2.0548,26.4148,sad,50,20.17,19.3
Anthony Davis,2022-02-06 000000,CgaSAkmGUVA,https://www.youtube.com/watch?v=CgaSAkmGUVA,1.3476,0.0236,43.5277,0.122,43.7812,1.3215,9.8764,sad,50,20.03,25.0
Anthony Davis,2022-02-04 000000,TkdCGa2YThs,https://www.youtube.com/watch?v=TkdCGa2YThs,5.0885,1.0977,17.715,0.251,51.2114,4.253,20.3835,sad,50,19.67,31.3
Anthony Davis,2022-02-03 000000,8QfFZ1VwBGM,https://www.youtube.com/watch?v=8QfFZ1VwBGM,4.7788,0.024,14.5575,0.1356,63.7572,0.1153,16.6314,sad,50,19.39,28.5
Anthony Davis,2022-01-28 000000,IYL-_BKIwgo,https://www.youtube.com/watch?v=IYL-_BKIwgo,11.2697,0.0085,22.8507,0.0502,43.313,3.6302,18.8777,sad,50,19.24,19.0
Anthony Davis,2022-01-26 000000,f6OMvJv_p8M,https://www.youtube.com/watch?v=f6OMvJv_p8M,6.0102,0.0069,21.457,0.9029,35.5085,1.4903,34.6242,sad,50,18.95,27.6
Anthony Davis,2021-12-18 000000,kxmCeBkhPZE,https://www.youtube.com/watch?v=kxmCeBkhPZE,13.4519,0.079,29.3066,18.7087,13.5913,9.6009,15.2616,fear,50,19.38,7.2
Anthony Davis,2021-12-16 000000,MTJardVxljs,https://www.youtube.com/watch?v=MTJardVxljs,2.5878,0.5621,6.0551,14.8349,55.1964,0.0087,20.7549,sad,50,20.02,2.9
Anthony Davis,2021-12-08 000000,n18YY-AQG-E,https://www.youtube.com/watch?v=n18YY-AQG-E,13.4492,0.0613,23.9289,0.0931,46.1057,2.7105,13.6514,sad,50,20.72,15.4
Anthony Davis,2021-12-04 000000,THcCn0UCOlA,https://www.youtube.com/watch?v=THcCn0UCOlA,1.4082,0.0473,29.3687,5.3446,54.0385,0.7445,9.0482,sad,50,20.84,18.0
Anthony Davis,2021-12-01 000000,KcpCV0wbCys,https://www.youtube.com/watch?v=KcpCV0wbCys,12.1665,0.0093,40.4387,0.111,22.4195,2.4683,22.3869,fear,50,20.67,24.6
Anthony Davis,2021-11-29 000000,fI5pahD70SM,https://www.youtube.com/watch?v=fI5pahD70SM,10.6497,0.027,6.8698,0.0251,59.1708,0.1172,23.1403,sad,50,20.68,20.6
Anthony Davis,2021-11-24 000000,rkdTaD36Dfc,https://www.youtube.com/watch?v=rkdTaD36Dfc,4.5795,0.3038,9.1769,0.8381,64.7963,1.0684,19.237,sad,50,20.66,17.4
Anthony Davis,2021-11-22 000000,Pqpx2Uj9dKc,https://www.youtube.com/watch?v=Pqpx2Uj9dKc,3.6156,0.0005,23.9832,35.0231,6.4267,4.0666,26.8843,happy,50,21.08,13.2
Anthony Davis,2021-11-20 000000,GoQFp7gAVFY,https://www.youtube.com/watch?v=GoQFp7gAVFY,14.4506,0.0105,70.0589,0.2005,1.9925,11.4671,1.8199,fear,50,20.45,31.8
Anthony Davis,2021-11-18 000000,Jj79Uj7rzLM,https://www.youtube.com/watch?v=Jj79Uj7rzLM,2.6447,0.725,42.1396,7.2522,24.4458,9.1529,13.6397,fear,50,20.21,24.2
Anthony Davis,2021-11-15 000000,NjELtHUfKUg,https://www.youtube.com/watch?v=NjELtHUfKUg,1.6585,0.4083,44.5341,1.4326,31.3093,0.1091,20.5481,fear,50,20.86,15.2
Anthony Davis,2021-11-13 000000,aWLDNVgc0e0,https://www.youtube.com/watch?v=aWLDNVgc0e0,2.1134,0.0074,67.5751,0.102,21.391,0.2744,8.5367,fear,50,19.86,33.8
Anthony Davis,2021-11-11 000000,cURuSUEP9jw,https://www.youtube.com/watch?v=cURuSUEP9jw,7.9274,0.0759,29.1386,15.4977,35.2168,0.0832,12.0603,sad,50,19.77,21.0
Anthony Davis,2021-11-09 000000,VSQdAyNee50,https://www.youtube.com/watch?v=VSQdAyNee50,4.2237,2.5985,52.1419,5.3007,21.9267,0.0845,13.7239,fear,50,20.05,16.7
Anthony Davis,2021-11-05 000000,CUZdMjmQ4_k,https://www.youtube.com/watch?v=CUZdMjmQ4_k,1.8834,0.0039,2.8127,57.7833,29.6365,3.0283,4.852,happy,50,21.43,0.6
Anthony Davis,2021-11-03 000000,#NAME?,https://www.youtube.com/watch?v=-lOcbhbOTdQ,7.3993,0.0127,14.5053,0.1562,60.3629,0.9998,16.5638,sad,50,20.65,27.7
Anthony Davis,2021-11-01 000000,BVdnXEFaCo8,https://www.youtube.com/watch?v=BVdnXEFaCo8,12.0,2.0674,20.8199,2.0501,44.6142,0.5971,17.8512,sad,50,20.3,23.1
Anthony Davis,2021-10-30 000000,Uz6xeVLwaxw,https://www.youtube.com/watch?v=Uz6xeVLwaxw,1.8317,0.0201,27.6032,16.8659,42.298,3.4769,7.9041,sad,50,21.67,12.1
Anthony Davis,2021-10-27 000000,g8Ou-R3UPdc,https://www.youtube.com/watch?v=g8Ou-R3UPdc,9.6737,0.1153,19.8483,0.0528,32.1472,12.8698,25.2929,sad,50,23.38,23.0
Anthony Davis,2021-10-25 000000,cYGZRN2ppRY,https://www.youtube.com/watch?v=cYGZRN2ppRY,46.024,0.0029,16.1039,0.8168,31.8297,0.1405,5.0822,angry,50,21.3,29.6
Anthony Davis,2021-10-23 000000,tQpX8wubmM0,https://www.youtube.com/watch?v=tQpX8wubmM0,3.1918,0.0134,44.6065,4.3755,31.4897,0.226,16.097,fear,50,22.8,18.3
Anthony Davis,2021-10-20 000000,ff4v9_4D_-w,https://www.youtube.com/watch?v=ff4v9_4D_-w,5.3963,0.1795,16.1141,0.0534,65.6605,1.6452,10.951,sad,50,26.7,18.9
Chris Paul,2022-05-13 000000,zgCQJwCHGGs,https://www.youtube.com/watch?v=zgCQJwCHGGs,2.8088,0.0273,25.8014,0.5276,2.0257,56.7174,12.0917,surprise,50,16.9,8.5
Chris Paul,2022-05-03 000000,GnQKytbU7P4,https://www.youtube.com/watch?v=GnQKytbU7P4,12.2273,0.2784,24.1938,0.1578,26.1802,1.2496,35.7129,neutral,50,17.34,25.8
Chris Paul,2022-04-29 000000,kGjLZxMh_GE,https://www.youtube.com/watch?v=kGjLZxMh_GE,8.7177,0.0092,8.0123,28.0624,8.0766,0.1405,46.9813,neutral,50,17.37,15.8
Chris Paul,2022-04-27 000000,qBq99lZX86Y,https://www.youtube.com/watch?v=qBq99lZX86Y,8.7007,0.0123,8.865,0.0592,27.9836,3.1001,51.2791,neutral,50,17.14,33.5
Chris Paul,2022-04-25 000000,SKHyGhaJ4aE,https://www.youtube.com/watch?v=SKHyGhaJ4aE,5.1945,0.0098,14.1415,0.3027,46.4191,2.9471,30.9852,sad,50,17.05,23.3
Chris Paul,2022-04-23 000000,DoiiAKaNFMw,https://www.youtube.com/watch?v=DoiiAKaNFMw,5.3002,0.0002,0.8181,69.0928,11.8679,0.0489,12.8718,happy,50,17.21,5.6
Chris Paul,2022-04-20 000000,Zjs6fahos-8,https://www.youtube.com/watch?v=Zjs6fahos-8,2.7766,0.0,66.4644,0.0392,3.4367,1.4861,25.797,fear,50,17.01,31.0
Chris Paul,2022-04-06 000000,saOjmRdgc34,https://www.youtube.com/watch?v=saOjmRdgc34,1.7145,0.0023,19.8384,14.351,1.3544,3.0776,59.6617,neutral,50,16.66,22.3
Chris Paul,2022-04-04 000000,cPtdOI9eo5E,https://www.youtube.com/watch?v=cPtdOI9eo5E,4.725,0.0754,12.9893,42.1121,33.4088,0.0538,6.6355,happy,50,16.71,13.3
Chris Paul,2022-04-02 000000,3Mwd9Mt7RT0,https://www.youtube.com/watch?v=3Mwd9Mt7RT0,2.6243,0.0041,5.9754,47.2862,21.9385,4.6291,17.5424,happy,50,16.8,10.8
Chris Paul,2022-03-31 000000,6zG_rFaqpD8,https://www.youtube.com/watch?v=6zG_rFaqpD8,10.501,0.1151,33.5901,1.3854,35.5313,1.7148,17.1623,sad,50,16.89,11.6
Chris Paul,2022-03-25 000000,UuMJ5V5m7OM,https://www.youtube.com/watch?v=UuMJ5V5m7OM,7.5953,0.029,5.0331,32.0244,5.8285,4.661,44.8287,neutral,50,16.81,23.8
Chris Paul,2022-02-11 000000,eS8xZj5IP64,https://www.youtube.com/watch?v=eS8xZj5IP64,12.1616,0.004,10.9568,0.0617,24.5952,4.502,47.7188,neutral,50,16.81,15.1
Chris Paul,2022-02-08 000000,U2HgSmM3BXk,https://www.youtube.com/watch?v=U2HgSmM3BXk,7.8405,0.0004,17.4192,0.6225,70.5468,0.069,3.5017,sad,50,16.75,10.6
Chris Paul,2022-02-06 000000,Ws8H7LRtmvs,https://www.youtube.com/watch?v=Ws8H7LRtmvs,7.853,0.0189,10.0067,0.0571,72.3736,0.4776,9.213,sad,50,16.69,19.7
Chris Paul,2022-02-04 000000,XF9Rhk1wSkI,https://www.youtube.com/watch?v=XF9Rhk1wSkI,4.0454,0.0018,24.4748,15.3492,8.1341,3.3993,44.5954,neutral,50,16.73,14.8
Chris Paul,2022-01-31 000000,Ax5YsrTV9pA,https://www.youtube.com/watch?v=Ax5YsrTV9pA,30.0198,0.0071,9.9475,0.0491,21.7831,0.1452,38.0482,neutral,50,16.49,23.8
Chris Paul,2022-01-29 000000,e0EYUsJCIr0,https://www.youtube.com/watch?v=e0EYUsJCIr0,10.5975,0.0051,27.9955,1.9484,21.2916,0.8484,37.3135,neutral,50,16.28,26.6
Chris Paul,2022-01-23 000000,pky5Tv19Nsk,https://www.youtube.com/watch?v=pky5Tv19Nsk,4.0065,0.0084,30.7947,7.3523,25.6248,0.2331,31.9802,neutral,50,15.9,24.1
Chris Paul,2022-01-15 000000,vbajRzr5Ro8,https://www.youtube.com/watch?v=vbajRzr5Ro8,8.4297,0.0044,11.0108,2.2849,50.9413,4.7214,22.6075,sad,50,15.5,8.7
Chris Paul,2022-01-07 000000,2Sqk-oFsNdg,https://www.youtube.com/watch?v=2Sqk-oFsNdg,10.0803,0.0541,15.4725,0.0939,40.9016,1.8313,31.5663,sad,50,15.74,4.8
Chris Paul,2022-01-05 000000,b2SzJg__sJc,https://www.youtube.com/watch?v=b2SzJg__sJc,7.4483,0.0125,12.5101,16.2318,40.4925,0.7949,22.5099,sad,50,15.66,18.8
Chris Paul,2022-01-03 000000,AuhcF25wdH8,https://www.youtube.com/watch?v=AuhcF25wdH8,3.3706,0.0201,17.0352,1.6925,62.9807,0.1584,14.7426,sad,50,15.71,13.9
Chris Paul,2021-12-26 000000,zQGKI-FAq4U,https://www.youtube.com/watch?v=zQGKI-FAq4U,4.1809,1.2448,8.8228,23.1371,39.1864,3.9043,19.5237,sad,50,15.95,15.6
Chris Paul,2021-12-24 000000,yIm9eVaCXQ8,https://www.youtube.com/watch?v=yIm9eVaCXQ8,1.9194,0.025,20.4827,3.7934,25.0398,3.7201,45.0195,neutral,50,15.85,19.0
Chris Paul,2021-12-14 000000,aTTwrchJoW4,https://www.youtube.com/watch?v=aTTwrchJoW4,9.7826,0.0441,5.7687,0.0623,53.6267,0.1666,30.549,sad,50,15.75,24.9
Chris Paul,2021-12-04 000000,hSvBZtKvizs,https://www.youtube.com/watch?v=hSvBZtKvizs,5.456,1.0896,5.287,13.8847,64.3754,0.1042,9.803,sad,50,16.16,16.6
Chris Paul,2021-12-01 000000,WubA1UFXVH0,https://www.youtube.com/watch?v=WubA1UFXVH0,4.8066,0.2633,5.9858,3.7361,56.9079,3.5095,24.7908,sad,50,16.49,14.8
Devin Booker,2022-05-16 000000,H2EgS3KX-js,https://www.youtube.com/watch?v=H2EgS3KX-js,7.0361,0.0306,23.6664,6.1414,31.0504,5.3451,26.7301,sad,50,18.46,
Devin Booker,2022-05-13 000000,iivM4WmvZK4,https://www.youtube.com/watch?v=iivM4WmvZK4,8.1483,0.1602,19.0782,3.0081,35.7241,26.4638,7.4174,sad,50,18.69,0.5
Devin Booker,2022-05-11 000000,V9aYPAwtvjo,https://www.youtube.com/watch?v=V9aYPAwtvjo,9.1822,0.572,34.0624,0.0916,25.5655,14.9014,15.6248,fear,50,18.85,6.9
Devin Booker,2022-05-07 000000,EXTg6862b_o,https://www.youtube.com/watch?v=EXTg6862b_o,13.5559,0.3164,20.7287,0.3501,31.124,11.451,22.4739,sad,50,18.75,23.8
Devin Booker,2022-05-05 000000,L2YCakleZMQ,https://www.youtube.com/watch?v=L2YCakleZMQ,6.1628,0.3211,32.6688,0.0531,40.4155,9.5232,10.8554,sad,50,18.88,9.9
Devin Booker,2022-05-03 000000,etNpT74Z2hU,https://www.youtube.com/watch?v=etNpT74Z2hU,4.6238,0.0369,17.2739,3.3749,45.6142,2.7595,26.3168,sad,50,18.82,22.6
Devin Booker,2022-04-18 000000,K184naE7yPM,https://www.youtube.com/watch?v=K184naE7yPM,13.4929,0.2284,25.4057,0.7554,36.6732,2.4531,20.9914,sad,50,18.92,21.0
Devin Booker,2022-04-09 000000,7TBJeu2mggY,https://www.youtube.com/watch?v=7TBJeu2mggY,5.6631,0.0003,6.6764,0.0724,51.7546,2.7889,33.0445,sad,50,18.9,20.5
Devin Booker,2022-04-02 000000,HcOaZaAb6hs,https://www.youtube.com/watch?v=HcOaZaAb6hs,5.1704,0.0112,30.0531,0.7161,46.3885,2.3276,15.3331,sad,50,18.76,25.9
Devin Booker,2022-03-28 000000,i9EVUuz4xoM,https://www.youtube.com/watch?v=i9EVUuz4xoM,12.9227,3.1538,25.3174,4.405,31.6369,6.8197,15.7445,sad,50,18.78,9.8
Devin Booker,2022-03-25 000000,bASN501u3qI,https://www.youtube.com/watch?v=bASN501u3qI,5.1623,1.007,37.5389,1.0218,31.4113,2.6585,21.2003,fear,50,18.72,22.2
Devin Booker,2022-03-24 000000,G1FFxNBihBQ,https://www.youtube.com/watch?v=G1FFxNBihBQ,4.4374,0.0086,65.7388,0.0716,19.5986,0.0811,10.064,fear,50,18.29,45.8
Devin Booker,2022-03-21 000000,MJzd2hT3U14,https://www.youtube.com/watch?v=MJzd2hT3U14,8.0101,0.002,20.6815,0.0672,29.3841,21.0873,20.7678,sad,50,18.21,23.1
Devin Booker,2022-03-19 000000,0VB2x1umYhM,https://www.youtube.com/watch?v=0VB2x1umYhM,7.7179,0.0315,28.9756,18.1249,34.8573,3.2106,7.0822,sad,50,18.15,21.9
Devin Booker,2022-03-17 000000,4x8YQKIiQO8,https://www.youtube.com/watch?v=4x8YQKIiQO8,5.5684,0.0036,37.6378,0.0507,46.934,0.4796,9.3259,sad,50,18.13,18.9
Devin Booker,2022-03-16 000000,MV22_eiJxq8,https://www.youtube.com/watch?v=MV22_eiJxq8,3.6663,0.0009,26.8739,4.0289,44.4969,3.2149,17.7183,sad,50,18.0,26.1
Devin Booker,2022-03-14 000000,XyFRMxSToro,https://www.youtube.com/watch?v=XyFRMxSToro,3.4483,0.0001,11.5395,1.333,30.0385,0.1788,53.4618,neutral,50,17.9,23.7
Devin Booker,2022-03-12 000000,1Ve0-J2aE6U,https://www.youtube.com/watch?v=1Ve0-J2aE6U,38.6561,0.1525,23.2756,1.4719,21.6724,2.8598,11.9117,angry,50,17.76,25.3
Devin Booker,2022-03-10 000000,BNcUrLga0Q0,https://www.youtube.com/watch?v=BNcUrLga0Q0,5.5831,0.0003,27.694,0.0639,28.6853,5.0557,32.9178,neutral,50,17.8,15.9
Devin Booker,2022-02-28 000000,eFZjKfX3KYQ,https://www.youtube.com/watch?v=eFZjKfX3KYQ,3.2398,0.0979,44.3038,3.153,33.3948,3.4134,12.3973,fear,50,17.63,26.7
Devin Booker,2022-02-26 000000,DsyOP3T0UZY,https://www.youtube.com/watch?v=DsyOP3T0UZY,8.438,0.0163,19.3142,3.3605,38.3315,4.851,25.6885,sad,50,17.54,22.4
Devin Booker,2022-02-25 000000,ffNtrQAHf1A,https://www.youtube.com/watch?v=ffNtrQAHf1A,9.2696,0.0276,6.2313,2.3552,50.7908,1.7266,29.5989,sad,50,17.52,18.8
Devin Booker,2022-02-17 000000,3_3CRuqRoZk,https://www.youtube.com/watch?v=3_3CRuqRoZk,9.8228,0.0426,52.4537,2.7495,23.6609,4.3467,6.9238,fear,50,17.3,28.9
Devin Booker,2022-02-16 000000,L_lkocIWW7U,https://www.youtube.com/watch?v=L_lkocIWW7U,7.5561,0.0792,33.9902,4.4951,31.4018,4.1486,18.329,fear,50,17.28,18.1
Devin Booker,2022-02-13 000000,WSziT_RvdcU,https://www.youtube.com/watch?v=WSziT_RvdcU,9.2048,2.3971,3.9602,26.8501,17.0873,3.844,36.6565,neutral,50,17.23,19.7
Devin Booker,2022-02-09 000000,T7k8Ctg0pTo,https://www.youtube.com/watch?v=T7k8Ctg0pTo,5.83,0.037,45.3442,0.1784,43.8201,0.5792,4.2111,fear,50,17.34,10.0
Devin Booker,2022-02-08 000000,Bp0AqPg3wrU,https://www.youtube.com/watch?v=Bp0AqPg3wrU,7.1163,1.5713,3.5634,0.2927,74.9014,1.3756,11.1792,sad,50,17.15,26.0
Devin Booker,2022-02-04 000000,FIbv2Medv-Y,https://www.youtube.com/watch?v=FIbv2Medv-Y,3.1102,0.0499,50.9035,0.1863,34.3762,1.4558,9.9182,fear,50,17.06,7.4
Devin Booker,2022-02-02 000000,qOcoHoZ5zOA,https://www.youtube.com/watch?v=qOcoHoZ5zOA,11.3842,0.491,43.0098,0.3461,29.5329,3.1085,12.1275,fear,50,17.06,17.0
Devin Booker,2022-01-27 000000,RI4P23kyo9o,https://www.youtube.com/watch?v=RI4P23kyo9o,3.8653,0.0152,18.8413,1.8246,31.6997,2.1575,41.5963,neutral,50,16.8,20.8
Devin Booker,2022-01-25 000000,3-4KELM4Okg,https://www.youtube.com/watch?v=3-4KELM4Okg,8.1092,0.6077,16.5221,3.9387,54.8,3.1841,12.8383,sad,50,16.39,33.0
Devin Booker,2022-01-21 000000,E6qQ1V-zMzk,https://www.youtube.com/watch?v=E6qQ1V-zMzk,7.7011,0.0494,23.4698,3.2825,42.5678,13.6832,9.2462,sad,50,16.79,0.3
Devin Booker,2022-01-18 000000,RiDj8EfdwfE,https://www.youtube.com/watch?v=RiDj8EfdwfE,16.5917,0.0125,5.3024,1.7498,51.0301,0.174,25.1396,sad,50,16.77,17.8
Devin Booker,2022-01-15 000000,by8UgyRV7OM,https://www.youtube.com/watch?v=by8UgyRV7OM,6.7085,0.9992,25.8603,4.7403,50.8292,5.5335,5.329,sad,50,15.89,23.6
Devin Booker,2022-01-09 000000,lkAvHEtlFNU,https://www.youtube.com/watch?v=lkAvHEtlFNU,5.6381,0.1199,61.986,1.7338,21.5123,5.3987,3.6111,fear,50,15.92,7.3
Devin Booker,2022-01-07 000000,ePG9KTldscE,https://www.youtube.com/watch?v=ePG9KTldscE,2.8752,0.0004,27.0699,0.0014,53.9923,2.9964,13.0644,sad,50,15.92,16.2
Devin Booker,2021-12-30 000000,7v_3jsRDIbs,https://www.youtube.com/watch?v=7v_3jsRDIbs,3.775,0.0236,31.3644,5.4339,45.0188,1.0167,13.3676,sad,50,16.46,10.4
Devin Booker,2021-12-26 000000,PfW0lD_mM0Q,https://www.youtube.com/watch?v=PfW0lD_mM0Q,2.0488,0.9396,20.8593,4.5349,65.0982,2.4848,4.0345,sad,50,15.61,23.0
Devin Booker,2021-12-24 000000,IPrpXeR4ofU,https://www.youtube.com/watch?v=IPrpXeR4ofU,6.6444,0.0128,36.7491,0.3617,47.818,1.7188,6.6951,sad,50,16.1,3.9
Draymond Green,2022-06-09 000000,TgTxIONQLlg,https://www.youtube.com/watch?v=TgTxIONQLlg,8.3926,0.2028,21.1364,16.6666,7.3515,10.3473,35.9028,neutral,50,9.5,8.6
Draymond Green,2022-06-06 000000,HspM8YWemyY,https://www.youtube.com/watch?v=HspM8YWemyY,3.0046,0.0003,58.4435,1.2517,9.8932,10.437,16.9697,fear,50,9.66,-0.4
Draymond Green,2022-06-03 000000,oDnH7hEnmaA,https://www.youtube.com/watch?v=oDnH7hEnmaA,24.032,0.3906,19.0396,4.9232,6.0393,32.9979,12.5775,surprise,50,9.61,12.8
Chris Paul,2022-05-07 000000,TN9c0GN9ZVA,https://www.youtube.com/watch?v=TN9c0GN9ZVA,7.9385,0.0065,22.0356,3.9806,28.8263,11.4058,25.8067,sad,50,17.3,6.0
Draymond Green,2022-05-27 000000,8D5ikpo81yk,https://www.youtube.com/watch?v=8D5ikpo81yk,17.5938,0.0009,19.7966,16.8694,3.9459,0.3485,41.4448,neutral,50,9.77,-0.2
Draymond Green,2022-05-23 000000,VKO018P00vs,https://www.youtube.com/watch?v=VKO018P00vs,4.3982,0.0,12.7143,8.7698,4.5297,47.7552,21.8328,surprise,50,9.6,10.8
Draymond Green,2022-05-19 000000,LCKfxHOFL3M,https://www.youtube.com/watch?v=LCKfxHOFL3M,8.7175,0.0042,53.2473,2.7723,20.0792,3.3756,11.8039,fear,50,9.77,1.1
Draymond Green,2022-05-14 000000,WtIJP0iE6YQ,https://www.youtube.com/watch?v=WtIJP0iE6YQ,19.4504,1.4977,18.2647,20.6888,32.261,1.3004,6.5371,sad,50,9.72,12.3
Draymond Green,2022-05-12 000000,H_zBOuxWRnI,https://www.youtube.com/watch?v=H_zBOuxWRnI,4.9544,0.0231,32.1045,2.1268,24.2377,4.3664,32.1871,neutral,50,9.66,13.3
Draymond Green,2022-05-10 000000,D9dam550ya0,https://www.youtube.com/watch?v=D9dam550ya0,0.0051,0.0,15.0199,2.2901,6.8637,70.4224,5.3986,surprise,50,9.77,3.5
Draymond Green,2022-05-08 000000,d0Vt7PXnfP8,https://www.youtube.com/watch?v=d0Vt7PXnfP8,25.435,0.0001,53.8104,15.2187,4.1025,1.2628,0.1706,fear,50,9.86,4.9
Draymond Green,2022-05-04 000000,7vVsdsXKPhg,https://www.youtube.com/watch?v=7vVsdsXKPhg,22.1772,0.368,28.1127,21.9083,10.2925,9.9947,7.1466,fear,50,9.94,5.5
Draymond Green,2022-04-28 000000,n-y_Bi5xQOA,https://www.youtube.com/watch?v=n-y_Bi5xQOA,34.9591,0.0015,50.867,6.6464,1.6629,4.9081,0.9552,fear,50,10.08,6.3
Draymond Green,2022-04-22 000000,86c6pP2-AnA,https://www.youtube.com/watch?v=86c6pP2-AnA,2.6082,0.0025,60.2961,2.7091,13.6834,1.7299,18.9708,fear,50,9.93,15.9
Draymond Green,2022-04-19 000000,cIffu78wLjs,https://www.youtube.com/watch?v=cIffu78wLjs,3.6974,0.0003,27.8928,13.2599,47.1899,1.2753,6.6845,sad,50,10.0,6.6
Draymond Green,2022-04-17 000000,NniUolo0Jlk,https://www.youtube.com/watch?v=NniUolo0Jlk,59.6158,0.0,28.2957,3.15,4.9756,0.2709,3.692,angry,50,10.04,8.1
Draymond Green,2022-04-10 000000,1q1Vj6U2JkU,https://www.youtube.com/watch?v=1q1Vj6U2JkU,1.6907,0.2345,7.2336,1.0021,23.1626,0.0563,66.6202,neutral,50,9.84,10.1
Draymond Green,2022-04-04 000000,voU-ZC4qJoo,https://www.youtube.com/watch?v=voU-ZC4qJoo,0.9539,0.0,49.3783,8.5498,17.0857,5.8857,18.1466,fear,50,9.75,10.9
Draymond Green,2022-03-31 000000,4YrsAD-Od6Y,https://www.youtube.com/watch?v=4YrsAD-Od6Y,87.4355,0.0001,2.0332,4.7791,1.8528,0.0504,3.849,angry,50,9.8,11.0
Draymond Green,2022-03-28 000000,ucc34HIPQT8,https://www.youtube.com/watch?v=ucc34HIPQT8,1.5867,0.0001,11.8746,57.463,0.825,18.8326,9.4179,happy,50,9.74,12.4
Draymond Green,2022-03-23 000000,1-tJ1sd4iAs,https://www.youtube.com/watch?v=1-tJ1sd4iAs,2.425,0.0018,49.3785,8.1381,6.6623,3.1214,30.2728,fear,50,10.02,0.1
Draymond Green,2022-03-17 000000,qnMa6m9y9Rs,https://www.youtube.com/watch?v=qnMa6m9y9Rs,47.2521,0.0,14.391,13.8716,4.589,0.42,19.4762,angry,50,10.29,4.4
Draymond Green,2022-03-15 000000,bckESIkbK-s,https://www.youtube.com/watch?v=bckESIkbK-s,8.6898,0.0001,8.2486,21.8493,6.8143,10.4525,43.9455,neutral,50,10.46,4.3
Draymond Green,2022-01-06 000000,dJrqKhv9Ai4,https://www.youtube.com/watch?v=dJrqKhv9Ai4,0.1386,0.0004,67.1602,0.0388,7.9764,6.028,18.6575,fear,50,10.89,-0.4
Draymond Green,2022-01-04 000000,nU5o5XWavHA,https://www.youtube.com/watch?v=nU5o5XWavHA,1.9505,0.0001,9.4983,9.8576,54.4695,0.5747,23.6493,sad,50,11.23,0.2
Draymond Green,2021-12-24 000000,IvR6jHXMwvs,https://www.youtube.com/watch?v=IvR6jHXMwvs,1.2967,0.0004,18.2489,10.1365,55.1396,1.269,13.9089,sad,50,10.98,15.2
Draymond Green,2021-12-15 000000,HpbSMyAFTrk,https://www.youtube.com/watch?v=HpbSMyAFTrk,7.0561,0.0014,26.5035,8.6327,7.8803,10.7978,39.1281,neutral,50,10.93,6.4
Draymond Green,2021-12-14 000000,s6Me5XsJwZI,https://www.youtube.com/watch?v=s6Me5XsJwZI,13.6598,0.0052,14.5203,19.3054,16.7736,11.089,24.6465,neutral,50,10.87,12.5
Draymond Green,2021-12-12 000000,c85K7fg1gII,https://www.youtube.com/watch?v=c85K7fg1gII,0.0292,0.013,51.3138,0.012,48.3026,0.0406,0.2888,sad,50,10.79,12.8
Draymond Green,2021-12-01 000000,NjCJkEnpy64,https://www.youtube.com/watch?v=NjCJkEnpy64,32.5064,0.045,35.8304,1.2162,24.1829,0.3735,5.8457,fear,50,10.7,20.7
Draymond Green,2021-11-27 000000,ri70E-A8GBY,https://www.youtube.com/watch?v=ri70E-A8GBY,3.2516,0.0004,15.8004,0.8593,28.9565,0.0164,51.1153,neutral,50,11.19,6.0
Draymond Green,2021-11-22 000000,sAgo81kI1ao,https://www.youtube.com/watch?v=sAgo81kI1ao,23.407,0.0,22.5044,1.8096,8.6438,0.1406,43.4944,neutral,50,10.92,10.7
Draymond Green,2021-11-19 000000,TmlKcqATGmk,https://www.youtube.com/watch?v=TmlKcqATGmk,3.2641,0.0003,18.0202,5.3393,4.2195,6.1117,63.0448,neutral,50,10.89,11.4
Draymond Green,2021-11-17 000000,5aG05lBNXjY,https://www.youtube.com/watch?v=5aG05lBNXjY,6.8291,0.0,13.5925,0.3874,1.0672,20.2672,57.8565,neutral,50,10.75,12.8
Draymond Green,2021-11-15 000000,I5GwwAssxfQ,https://www.youtube.com/watch?v=I5GwwAssxfQ,17.345,0.0197,41.4874,13.034,18.9697,0.1014,9.0428,fear,50,10.58,13.0
Draymond Green,2021-10-22 000000,XLBI4Xst98A,https://www.youtube.com/watch?v=XLBI4Xst98A,16.6287,0.0433,9.8838,7.0019,34.4422,2.8743,29.1258,sad,50,7.95,13.0
Draymond Green,2021-10-20 000000,enXJ57gh0jo,https://www.youtube.com/watch?v=enXJ57gh0jo,97.7517,0.0,1.5253,0.0001,0.7226,0.0,0.0003,angry,50,5.1,10.8
James Harden,2022-05-05 000000,xlLIjUY_FGA,https://www.youtube.com/watch?v=xlLIjUY_FGA,2.0179,0.0001,31.3718,13.0442,13.2462,32.0836,8.2362,surprise,50,19.28,10.0
James Harden,2022-04-24 000000,n1ctZBdXiY4,https://www.youtube.com/watch?v=n1ctZBdXiY4,15.5806,0.004,3.4856,3.0458,25.241,1.3399,51.303,neutral,50,19.53,10.3
James Harden,2022-04-21 000000,qsSh3Iy9-EQ,https://www.youtube.com/watch?v=qsSh3Iy9-EQ,8.6638,0.0017,24.9878,5.5786,9.4234,20.2297,31.115,neutral,50,19.55,18.2
James Harden,2022-03-26 000000,IdDbPqYffe4,https://www.youtube.com/watch?v=IdDbPqYffe4,20.7248,0.1529,10.9547,10.8676,18.165,5.2222,33.9128,neutral,50,19.94,13.7
James Harden,2022-02-02 000000,Raz83KbtJTU,https://www.youtube.com/watch?v=Raz83KbtJTU,23.3916,0.0,42.5519,2.8042,8.1512,0.7881,22.313,fear,50,19.81,1.1
James Harden,2022-01-26 000000,MBRnUKz3bus,https://www.youtube.com/watch?v=MBRnUKz3bus,1.0745,0.0106,52.0988,0.036,33.9628,2.7809,10.0364,fear,50,19.9,15.8
James Harden,2022-01-24 000000,Z47MS5bzJ_Y,https://www.youtube.com/watch?v=Z47MS5bzJ_Y,0.3767,0.0048,3.5093,85.5111,6.4794,0.4451,3.6735,happy,50,19.67,29.4
James Harden,2022-01-22 000000,68s1Kk4uxcQ,https://www.youtube.com/watch?v=68s1Kk4uxcQ,8.7083,0.0001,1.7839,3.525,6.6115,71.9828,7.3885,surprise,50,19.91,10.3
James Harden,2022-01-16 000000,5xmpEAbEMoo,https://www.youtube.com/watch?v=5xmpEAbEMoo,0.5762,0.6317,54.8756,15.4158,7.4761,19.6715,1.3531,fear,50,19.94,20.7
James Harden,2022-01-14 000000,cNgCCxtADzw,https://www.youtube.com/watch?v=cNgCCxtADzw,1.813,0.0,27.0491,0.4471,35.2667,0.0151,35.4091,sad,50,19.73,27.5
James Harden,2022-02-03 000000,upzJY-3VW5A,https://www.youtube.com/watch?v=upzJY-3VW5A,26.6606,0.0001,38.0742,18.1471,9.7905,3.8574,3.4702,fear,50,19.38,28.6
James Harden,2022-01-08 000000,UVxxWhzdFz0,https://www.youtube.com/watch?v=UVxxWhzdFz0,14.961,2.0935,18.8331,0.0527,45.3637,1.3661,17.3299,sad,50,19.2,21.6
James Harden,2022-01-06 000000,t7hmQWYJyzU,https://www.youtube.com/watch?v=t7hmQWYJyzU,0.004,0.0001,26.9224,0.5101,2.2399,55.4712,14.8522,surprise,50,19.46,10.8
James Harden,2022-01-04 000000,W3MV_pFb1S0,https://www.youtube.com/watch?v=W3MV_pFb1S0,0.7907,0.0,26.9894,0.0003,64.7921,0.1915,7.2359,sad,50,19.59,15.3
James Harden,2022-01-02 000000,hWWv3gPawMw,https://www.youtube.com/watch?v=hWWv3gPawMw,9.8078,0.0002,23.493,0.5288,32.9452,2.4997,30.7253,neutral,50,19.76,14.7
James Harden,2021-12-31 000000,LNkTwaUQsd0,https://www.youtube.com/watch?v=LNkTwaUQsd0,24.634,0.1801,24.8808,0.0713,41.1317,0.0716,9.0307,sad,50,19.38,30.7
James Harden,2021-12-28 000000,CGYj-xKJa4E,https://www.youtube.com/watch?v=CGYj-xKJa4E,0.2465,0.0002,42.3164,6.4055,16.1317,14.5465,20.3533,fear,50,19.06,28.2
James Harden,2021-12-26 000000,WAW-fR2eml4,https://www.youtube.com/watch?v=WAW-fR2eml4,5.8525,0.007,12.8406,22.0976,25.9542,0.0635,33.1845,neutral,50,18.37,37.8
James Harden,2021-12-09 000000,oKr-4QZPKik,https://www.youtube.com/watch?v=oKr-4QZPKik,50.0473,0.0004,18.3111,25.8919,1.6497,0.849,3.2507,angry,50,18.12,14.1
James Harden,2021-12-08 000000,ddbiqhmAOO8,https://www.youtube.com/watch?v=ddbiqhmAOO8,2.057,0.0001,6.3597,0.0399,2.0397,2.4062,87.0972,neutral,50,18.2,16.3
James Harden,2021-12-05 000000,OQYHcLWo0Mk,https://www.youtube.com/watch?v=OQYHcLWo0Mk,22.0644,1.7991,20.9275,0.45,25.3568,0.1465,29.2557,neutral,49,18.02,22.3
James Harden,2021-12-04 000000,ky9q7BIG3rU,https://www.youtube.com/watch?v=ky9q7BIG3rU,1.619,0.001,47.9024,14.8632,32.2333,0.0929,3.2881,fear,50,18.23,13.4
James Harden,2021-12-01 000000,sJSAjBVuL9w,https://www.youtube.com/watch?v=sJSAjBVuL9w,3.0423,0.0709,27.1568,3.5266,27.768,2.8735,35.5619,neutral,50,18.36,15.5
James Harden,2021-11-28 000000,rSt3MwEAZ2g,https://www.youtube.com/watch?v=rSt3MwEAZ2g,1.691,0.4955,11.6212,0.2684,45.6743,5.716,34.5336,sad,50,17.73,31.0
James Harden,2021-11-25 000000,GhJNaTMqAqg,https://www.youtube.com/watch?v=GhJNaTMqAqg,0.069,0.0,3.5141,0.0,96.4097,0.0,0.0072,sad,50,18.04,11.8
James Harden,2021-11-20 000000,qnShIBTsqpM,https://www.youtube.com/watch?v=qnShIBTsqpM,3.2971,2.0704,34.8925,4.1436,31.0476,4.5516,19.9973,fear,50,17.94,18.2
James Harden,2021-11-18 000000,qRt0ajO4cRQ,https://www.youtube.com/watch?v=qRt0ajO4cRQ,1.4678,0.0095,39.1789,3.427,25.1005,2.7287,28.0876,fear,50,17.39,26.7
James Harden,2021-11-17 000000,LWzcsx10UXo,https://www.youtube.com/watch?v=LWzcsx10UXo,0.6545,0.0129,48.6003,1.4102,31.7802,1.9142,15.6277,fear,50,16.87,25.2
James Harden,2021-11-15 000000,DNiBo_0cOuI,https://www.youtube.com/watch?v=DNiBo_0cOuI,37.9914,0.0079,15.5901,0.9786,23.1681,0.8901,21.3739,angry,50,17.02,14.7
James Harden,2021-11-13 000000,5aIalZt_L1U,https://www.youtube.com/watch?v=5aIalZt_L1U,4.2621,0.0119,10.4124,8.2813,2.1005,5.9901,68.9416,neutral,50,17.04,16.8
James Harden,2021-11-11 000000,9bXnS6i8G_A,https://www.youtube.com/watch?v=9bXnS6i8G_A,28.3061,0.0346,2.1748,59.1729,9.1809,0.0461,1.0847,happy,50,15.66,33.6
James Harden,2021-11-09 000000,hgEzyXnIpLU,https://www.youtube.com/watch?v=hgEzyXnIpLU,11.7785,0.0439,11.5079,0.0035,76.548,0.0,0.1183,sad,50,15.42,18.3
James Harden,2021-11-04 000000,a4ADEOTs51U,https://www.youtube.com/watch?v=a4ADEOTs51U,3.3354,0.145,16.762,17.4996,21.2677,3.2265,37.7638,neutral,50,15.62,9.3
James Harden,2021-11-01 000000,3NnE3-v-Q3U,https://www.youtube.com/watch?v=3NnE3-v-Q3U,0.8256,0.009,38.0316,7.0017,20.8295,0.788,32.5146,fear,50,15.71,15.0
James Harden,2021-10-30 000000,Js46nkL7qiE,https://www.youtube.com/watch?v=Js46nkL7qiE,0.7892,0.0046,33.5317,1.8963,28.124,0.1466,35.5075,fear,50,14.98,20.1
James Harden,2021-10-28 000000,aXdLqRqIxKk,https://www.youtube.com/watch?v=aXdLqRqIxKk,8.0815,0.0306,37.8232,7.4885,22.3263,2.5707,21.6792,fear,50,12.44,27.7
James Harden,2021-10-23 000000,YF-gejdTuo4,https://www.youtube.com/watch?v=YF-gejdTuo4,0.0587,0.0,25.67,1.8244,8.0065,0.3499,64.0906,neutral,50,16.6,6.4
James Harden,2021-10-20 000000,DCDizmxElLM,https://www.youtube.com/watch?v=DCDizmxElLM,3.1064,0.0,22.7312,12.9691,41.5553,0.0712,19.5668,sad,50,17.6,15.6
Jordan Poole,2022-05-27 000000,hCXURnD3zPA,https://www.youtube.com/watch?v=hCXURnD3zPA,20.139,0.4883,54.5785,0.0623,5.163,16.9756,2.5933,fear,50,12.86,2.5
Jordan Poole,2022-05-25 000000,sI8B6xVNMd4,https://www.youtube.com/watch?v=sI8B6xVNMd4,3.6076,0.0732,49.4477,2.4115,23.9831,7.6146,12.8624,fear,50,12.83,15.6
Jordan Poole,2022-05-23 000000,uKMxANUBKbo,https://www.youtube.com/watch?v=uKMxANUBKbo,34.4445,0.8774,9.4612,44.764,3.6394,0.8746,5.9389,happy,50,12.87,9.1
Jordan Poole,2022-05-21 000000,TXcAItiPYEc,https://www.youtube.com/watch?v=TXcAItiPYEc,10.9327,0.009,19.6204,1.7619,32.161,0.8774,34.6376,neutral,50,12.91,9.0
Jordan Poole,2022-05-19 000000,Mdu_uiEq0KU,https://www.youtube.com/watch?v=Mdu_uiEq0KU,4.6639,0.0093,23.3781,29.6848,8.9111,16.3929,16.9601,happy,50,12.82,20.8
Jordan Poole,2022-05-08 000000,J7-2J0a0Azs,https://www.youtube.com/watch?v=J7-2J0a0Azs,11.1751,0.081,6.9448,2.518,18.2791,0.7631,60.2388,neutral,50,13.14,7.7
Jordan Poole,2022-05-04 000000,j8-9BdLbV-Q,https://www.youtube.com/watch?v=j8-9BdLbV-Q,0.0044,0.0,1.3572,4.269,0.1398,93.4376,0.792,surprise,50,13.06,19.7
Jordan Poole,2022-04-22 000000,YNCpKQ8rDQc,https://www.youtube.com/watch?v=YNCpKQ8rDQc,9.6893,0.0132,31.8316,0.9553,36.4179,0.59,20.5028,sad,50,13.03,12.1
Jordan Poole,2022-04-19 000000,RLvDT1hhNRY,https://www.youtube.com/watch?v=RLvDT1hhNRY,21.408,0.6487,18.3847,12.2406,17.039,4.9554,25.3234,angry,50,12.93,20.8
Jordan Poole,2022-04-17 000000,o0WRPseNnr4,https://www.youtube.com/watch?v=o0WRPseNnr4,23.3247,0.6251,26.6009,1.5978,21.9676,10.9194,14.9645,angry,50,12.72,28.8
Jordan Poole,2022-04-11 000000,I_Nh8cPvTTY,https://www.youtube.com/watch?v=I_Nh8cPvTTY,33.4452,0.0209,24.1896,4.8138,20.9203,0.4929,16.1173,angry,50,12.59,22.3
Jordan Poole,2022-04-08 000000,0MehScMgFF0,https://www.youtube.com/watch?v=0MehScMgFF0,0.8647,0.0,34.2727,4.7794,7.3513,0.0357,52.6962,neutral,50,12.59,10.9
Jordan Poole,2022-04-03 000000,ZP9Y2hxU1N4,https://www.youtube.com/watch?v=ZP9Y2hxU1N4,3.8749,0.0,3.0933,14.9886,28.1048,0.0001,49.9383,neutral,50,12.52,14.1
Jordan Poole,2022-03-31 000000,nbODJb-IXD8,https://www.youtube.com/watch?v=nbODJb-IXD8,3.9754,0.0,6.9236,61.7472,5.7623,0.0163,21.5751,happy,50,12.42,19.7
Jordan Poole,2022-03-26 000000,bpPWjaXKdW8,https://www.youtube.com/watch?v=bpPWjaXKdW8,3.493,4.0013,11.825,2.1225,18.2875,2.2401,58.0305,neutral,50,12.03,13.9
Jordan Poole,2022-03-24 000000,rUwn5PFiBRs,https://www.youtube.com/watch?v=rUwn5PFiBRs,4.1896,0.0075,13.9343,6.1068,25.4929,10.1765,40.0924,neutral,50,12.02,13.0
Jordan Poole,2022-03-23 000000,7CkTExVVw04,https://www.youtube.com/watch?v=7CkTExVVw04,0.0976,0.0,48.699,1.8249,36.3791,0.0098,12.9896,fear,50,11.85,23.1
Jordan Poole,2022-03-21 000000,G1R2BQj2G6k,https://www.youtube.com/watch?v=G1R2BQj2G6k,10.2766,0.1826,20.4511,9.4161,15.8118,0.8492,43.0127,neutral,50,11.82,13.5
Jordan Poole,2022-03-17 000000,QuIMZM7Oj4o,https://www.youtube.com/watch?v=QuIMZM7Oj4o,5.5737,0.022,36.2736,14.9454,19.7333,1.7491,21.7028,fear,50,11.75,16.7
Jordan Poole,2022-03-13 000000,vCVYxPejarU,https://www.youtube.com/watch?v=vCVYxPejarU,13.0485,0.2296,8.6599,21.0662,17.8192,0.1146,39.0619,neutral,50,11.53,14.7
Jordan Poole,2022-03-09 000000,zijZ9T4DPrc,https://www.youtube.com/watch?v=zijZ9T4DPrc,3.7345,0.0386,39.1317,20.3794,20.1857,1.4058,15.1244,fear,50,11.17,17.5
Jordan Poole,2022-03-08 000000,WHoSoSBwZR8,https://www.youtube.com/watch?v=WHoSoSBwZR8,10.9431,0.0435,33.3607,10.4425,31.897,6.9418,6.3715,fear,49,11.08,16.4
Jordan Poole,2022-03-04 000000,PL3h-GkQiP4,https://www.youtube.com/watch?v=PL3h-GkQiP4,0.0305,0.0008,27.5985,0.0199,56.0935,0.0652,16.1917,sad,50,10.74,18.5
Jordan Poole,2022-02-08 000000,rclXv_ngEeU,https://www.youtube.com/watch?v=rclXv_ngEeU,23.5186,0.0018,32.1987,2.2353,8.7794,4.6475,28.6186,fear,50,10.97,11.8
Jordan Poole,2022-01-30 000000,MlZ4AtvYH9g,https://www.youtube.com/watch?v=MlZ4AtvYH9g,5.7976,0.0015,7.9472,0.1103,42.026,0.1084,44.0089,sad,50,10.84,0.2
Jordan Poole,2022-01-26 000000,n_NKBjyGOWs,https://www.youtube.com/watch?v=n_NKBjyGOWs,31.3588,0.0052,37.82,9.4331,16.4691,2.3749,2.5389,fear,50,10.63,17.0
Jordan Poole,2022-01-24 000000,CHLcHab9Vec,https://www.youtube.com/watch?v=CHLcHab9Vec,64.6176,0.2004,13.675,3.532,4.098,13.4772,0.3998,angry,50,10.53,14.7
Jordan Poole,2022-01-22 000000,wkfz72G7qbY,https://www.youtube.com/watch?v=wkfz72G7qbY,16.114,0.8286,1.4682,8.196,6.0919,0.0221,67.2792,neutral,50,10.45,13.5
Jordan Poole,2022-01-15 000000,Td2oJ61lT8A,https://www.youtube.com/watch?v=Td2oJ61lT8A,1.6432,0.0318,15.0398,4.6551,26.3939,2.2823,49.9539,neutral,50,10.87,11.0
James Harden,2021-11-06 000000,bJYDq-2Ahf0,https://www.youtube.com/watch?v=bJYDq-2Ahf0,44.1002,0.0001,46.7125,7.7027,0.6363,0.1429,0.7053,angry,50,14.92,24.6
Jordan Poole,2022-03-11 000000,4sZElq2lg84,https://www.youtube.com/watch?v=4sZElq2lg84,13.2665,0.0422,61.2306,0.0352,5.919,6.2232,13.2832,fear,50,11.28,26.9
Jordan Poole,2022-02-02 000000,XByaXtbnx4E,https://www.youtube.com/watch?v=XByaXtbnx4E,7.5221,0.0015,7.7827,0.1527,50.2758,0.2004,34.0648,sad,50,10.91,11.1
Jordan Poole,2022-01-04 000000,U09IIRc0PPY,https://www.youtube.com/watch?v=U09IIRc0PPY,4.5921,0.0322,18.1869,12.6394,26.6716,0.4393,37.4384,neutral,50,11.77,1.5
Jordan Poole,2021-12-09 000000,FiSTkDe7pdo,https://www.youtube.com/watch?v=FiSTkDe7pdo,7.3264,0.0393,10.174,39.3544,20.4179,1.1551,21.5329,happy,50,11.69,15.9
Jordan Poole,2021-12-01 000000,Tj-whBWAwBk,https://www.youtube.com/watch?v=Tj-whBWAwBk,6.1612,0.0787,7.0151,11.5464,1.3611,5.7141,68.1234,neutral,50,11.9,5.0
Jordan Poole,2021-11-22 000000,Fh5Bf-nyFdU,https://www.youtube.com/watch?v=Fh5Bf-nyFdU,99.9989,0.0,0.0,0.0011,0.0,0.0,0.0,angry,50,11.49,11.6
Jordan Poole,2021-11-20 000000,hJZQfoshT2A,https://www.youtube.com/watch?v=hJZQfoshT2A,5.672,0.1166,45.9387,2.8468,5.4476,16.2532,23.7252,fear,50,10.66,24.9
Jordan Poole,2021-11-08 000000,3N81G1ORXYA,https://www.youtube.com/watch?v=3N81G1ORXYA,1.7539,0.0072,1.9614,4.1863,7.1411,0.6758,84.2743,neutral,50,11.82,11.7
Jordan Poole,2021-11-04 000000,f0qdjTse_qQ,https://www.youtube.com/watch?v=f0qdjTse_qQ,16.1757,0.5257,3.6956,19.8277,31.3683,0.3183,28.0887,sad,50,9.86,18.0
Jordan Poole,2021-10-25 000000,lURAoTUFlZ0,https://www.youtube.com/watch?v=lURAoTUFlZ0,4.9397,0.0061,40.6546,5.1076,13.98,7.5524,27.7595,fear,50,8.73,8.1
Kevin Durant,2022-04-26 000000,AWTQ77-TS5E,https://www.youtube.com/watch?v=AWTQ77-TS5E,18.2041,0.0519,15.0902,0.0741,16.3163,3.95,46.3134,neutral,50,23.18,
Kevin Durant,2022-04-24 000000,YknKsMulZlk,https://www.youtube.com/watch?v=YknKsMulZlk,46.7757,0.0984,18.4744,0.448,13.1682,13.5704,7.465,angry,50,23.12,26.3
Kevin Durant,2022-04-21 000000,HnGj2NWAhQg,https://www.youtube.com/watch?v=HnGj2NWAhQg,4.484,0.0252,38.3659,2.4543,24.7789,7.9858,21.9058,fear,50,23.29,13.9
Kevin Durant,2022-04-09 000000,W_9PTJlt5JM,https://www.youtube.com/watch?v=W_9PTJlt5JM,7.908,0.0008,26.6889,2.7143,14.1184,2.9813,45.5884,neutral,50,23.84,19.3
Kevin Durant,2022-04-07 000000,8sItmMQK--8,https://www.youtube.com/watch?v=8sItmMQK--8,23.1743,0.0964,14.174,0.8465,48.73,2.5208,10.4581,sad,50,23.75,28.4
Kevin Durant,2022-04-03 000000,UR5iUyZt1Q4,https://www.youtube.com/watch?v=UR5iUyZt1Q4,26.831,0.0213,40.4942,16.5997,4.5117,3.7614,7.7807,fear,50,23.82,15.3
Kevin Durant,2022-04-01 000000,MvbiIfWG8x4,https://www.youtube.com/watch?v=MvbiIfWG8x4,14.6307,0.106,38.5722,0.6528,23.205,7.1294,15.7039,fear,50,23.44,43.0
Kevin Durant,2022-03-30 000000,wnapNy0dKsA,https://www.youtube.com/watch?v=wnapNy0dKsA,12.4454,0.3271,26.8807,9.1884,15.6675,3.5209,31.97,neutral,50,23.53,19.2
Kevin Durant,2022-03-28 000000,Xm4X_iTRqm0,https://www.youtube.com/watch?v=Xm4X_iTRqm0,8.5199,0.0202,22.9926,0.2442,34.0506,6.4255,27.747,sad,50,23.23,37.6
Kevin Durant,2022-03-27 000000,T_g72oV_m28,https://www.youtube.com/watch?v=T_g72oV_m28,16.481,0.0754,26.6506,2.3682,23.2427,3.647,27.535,fear,50,23.29,20.7
Kevin Durant,2022-03-24 000000,wlEBpJRe9IU,https://www.youtube.com/watch?v=wlEBpJRe9IU,11.6272,0.0649,22.1487,7.2545,37.0237,1.4571,20.424,sad,50,23.4,18.3
Kevin Durant,2022-03-22 000000,#NAME?,https://www.youtube.com/watch?v=-RAYX3bN11U,31.714,1.2446,40.5864,2.5612,10.2005,2.3949,11.2984,fear,50,23.3,27.5
Kevin Durant,2022-03-19 000000,A7IkJorh42M,https://www.youtube.com/watch?v=A7IkJorh42M,10.0954,0.0093,5.3995,0.1364,3.2443,70.6432,10.4719,surprise,50,23.11,31.8
Kevin Durant,2022-03-17 000000,50sZu6E8Gh0,https://www.youtube.com/watch?v=50sZu6E8Gh0,15.6869,0.0383,24.6977,0.4137,27.6885,8.0476,23.4272,sad,50,22.98,28.6
Kevin Durant,2022-03-16 000000,bAF0jv9l94Q,https://www.youtube.com/watch?v=bAF0jv9l94Q,4.0956,0.0082,26.49,1.5509,25.7349,4.0074,38.1131,neutral,50,23.14,16.6
Kevin Durant,2022-03-11 000000,eIFn2_Dabz0,https://www.youtube.com/watch?v=eIFn2_Dabz0,5.207,0.9398,51.1414,0.2044,14.8504,15.2126,12.4444,fear,50,22.82,38.6
Kevin Durant,2022-03-09 000000,jgdvcxzLTwU,https://www.youtube.com/watch?v=jgdvcxzLTwU,3.4157,0.0006,3.237,72.1432,7.5163,0.9274,12.7597,happy,50,22.82,22.7
Kevin Durant,2022-03-04 000000,q62lDKjhC1M,https://www.youtube.com/watch?v=q62lDKjhC1M,22.3876,0.1962,14.0447,17.9907,36.1157,1.6584,7.6067,sad,50,23.09,29.1
Kevin Durant,2022-01-13 000000,k_ib9q9YBtA,https://www.youtube.com/watch?v=k_ib9q9YBtA,17.5368,0.1392,68.3027,0.0865,3.7845,5.482,4.6682,fear,50,23.53,10.6
Kevin Durant,2022-01-11 000000,#NAME?,https://www.youtube.com/watch?v=-lQ-D8Xc3lA,11.864,0.1792,38.2278,8.1838,20.1756,4.6585,16.7111,fear,50,23.35,29.5
Kevin Durant,2022-01-06 000000,vRN_Ct58LSA,https://www.youtube.com/watch?v=vRN_Ct58LSA,8.3487,0.0172,35.2679,2.0215,27.3001,6.7499,20.2947,sad,50,23.2,26.2
Kevin Durant,2022-01-02 000000,LvRmpI798-8,https://www.youtube.com/watch?v=LvRmpI798-8,18.2974,0.0017,23.0499,0.0008,51.4054,0.0004,7.2444,sad,50,22.99,19.8
Kevin Durant,2021-12-31 000000,AMoKtpFPVTM,https://www.youtube.com/watch?v=AMoKtpFPVTM,15.0033,0.0013,23.6388,0.0037,50.4058,0.0714,10.8756,sad,50,23.2,17.3
Kevin Durant,2021-12-17 000000,EC0mRVMsiVk,https://www.youtube.com/watch?v=EC0mRVMsiVk,36.9259,0.2202,22.2685,1.2695,32.35,2.0583,4.9075,angry,50,23.27,21.1
Kevin Durant,2021-12-15 000000,rqOdUO-WKQc,https://www.youtube.com/watch?v=rqOdUO-WKQc,4.5561,0.0104,36.5736,0.0812,56.2552,0.3926,2.131,sad,50,23.09,28.0
Kevin Durant,2021-12-13 000000,jkTF_kaq5Z0,https://www.youtube.com/watch?v=jkTF_kaq5Z0,3.8884,0.0051,30.5868,2.1503,15.3809,6.177,41.8114,neutral,50,22.94,26.8
Kevin Durant,2021-12-11 000000,MepdwtKHjLU,https://www.youtube.com/watch?v=MepdwtKHjLU,5.6447,0.0115,6.5003,0.6903,14.4315,0.1084,72.6134,neutral,50,22.27,39.1
Kevin Durant,2021-12-08 000000,T23UZd0JrdA,https://www.youtube.com/watch?v=T23UZd0JrdA,8.5064,0.0088,26.2192,4.4308,28.9961,4.4515,27.3871,sad,50,22.27,22.2
Kevin Durant,2021-12-05 000000,D6S7bpwQXrE,https://www.youtube.com/watch?v=D6S7bpwQXrE,17.4473,0.2918,48.0367,0.0204,28.3728,1.154,4.677,fear,50,22.56,15.9
Kevin Durant,2021-12-04 000000,D-TORMYdVsQ,https://www.youtube.com/watch?v=D-TORMYdVsQ,11.6968,0.3797,13.104,0.8134,41.1726,2.9029,29.9307,sad,50,22.74,18.8
Kevin Durant,2021-12-01 000000,owG-zYQA7HU,https://www.youtube.com/watch?v=owG-zYQA7HU,13.1859,0.2962,27.7324,3.7729,35.783,0.3509,18.8785,sad,50,22.8,21.6
Kevin Durant,2021-11-28 000000,yY5UojtX7WE,https://www.youtube.com/watch?v=yY5UojtX7WE,8.3738,0.1776,18.7255,13.9406,34.6111,3.693,20.4784,sad,50,22.91,20.8
Kevin Durant,2021-11-25 000000,OttvHhS6lIo,https://www.youtube.com/watch?v=OttvHhS6lIo,25.9428,0.1202,5.4084,1.633,56.8548,2.2517,7.7891,sad,50,22.51,30.1
Kevin Durant,2021-11-23 000000,u1cqjQS-CrQ,https://www.youtube.com/watch?v=u1cqjQS-CrQ,17.7243,0.0062,21.5569,1.7402,30.5076,1.7518,26.713,sad,50,22.77,18.0
Kevin Durant,2021-11-17 000000,NFZBlgoS-dk,https://www.youtube.com/watch?v=NFZBlgoS-dk,5.5519,0.0037,20.4109,0.508,24.635,1.2946,47.5959,neutral,50,23.03,17.7
Kevin Durant,2021-11-15 000000,zm-xxPWkS0w,https://www.youtube.com/watch?v=zm-xxPWkS0w,10.1998,0.2767,11.1168,0.0782,64.7731,0.2218,13.3335,sad,50,24.01,9.3
Kevin Durant,2021-11-13 000000,CvqxKMUyyCY,https://www.youtube.com/watch?v=CvqxKMUyyCY,6.6025,0.0172,33.4243,2.7985,24.7681,3.7239,28.6656,fear,50,23.62,29.1
Kevin Durant,2021-11-11 000000,n4MhI5ztOwc,https://www.youtube.com/watch?v=n4MhI5ztOwc,32.3276,0.0396,16.7144,6.8606,16.7228,2.9614,24.3737,angry,50,23.44,25.8
Kevin Durant,2021-11-09 000000,c0oO6T45MGQ,https://www.youtube.com/watch?v=c0oO6T45MGQ,16.2218,0.0004,20.8841,0.0219,30.5092,0.0173,32.3452,neutral,50,23.56,22.1
Kevin Durant,2021-11-06 000000,GKv2JKKANr0,https://www.youtube.com/watch?v=GKv2JKKANr0,4.2345,0.0011,23.0752,50.2639,11.0897,4.0012,7.3345,happy,50,22.89,22.7
Kevin Durant,2021-11-04 000000,dcNUhPTbnww,https://www.youtube.com/watch?v=dcNUhPTbnww,11.9479,0.0962,30.0481,0.1112,32.2005,7.5291,18.0671,sad,50,23.41,18.7
Kevin Durant,2021-10-30 000000,NAAHOr67diM,https://www.youtube.com/watch?v=NAAHOr67diM,15.3429,0.0183,27.2942,3.4441,25.3066,3.4829,25.1111,fear,50,23.93,17.8
Kevin Durant,2021-10-28 000000,X7XsMm5gw5o,https://www.youtube.com/watch?v=X7XsMm5gw5o,12.6108,0.1822,19.0015,1.7498,41.3862,0.0644,25.0052,sad,50,24.96,18.8
Kevin Durant,2021-10-26 000000,r9jJYmgHULs,https://www.youtube.com/watch?v=r9jJYmgHULs,15.5719,0.0254,7.3151,3.1766,19.1357,2.5865,52.1888,neutral,50,26.88,17.3
Kevin Durant,2021-10-23 000000,P-ZnnLalkdY,https://www.youtube.com/watch?v=P-ZnnLalkdY,22.4212,0.1362,7.5244,1.6762,25.2345,2.5078,40.4998,neutral,50,28.1,30.0
Kevin Durant,2021-10-20 000000,iV1b2JX-L5E,https://www.youtube.com/watch?v=iV1b2JX-L5E,4.6533,0.0196,62.6544,6.4839,17.3936,4.7513,4.044,fear,50,24.2,32.0
Klay Thompson,2022-06-09 000000,gFqe5Dj6l7I,https://www.youtube.com/watch?v=gFqe5Dj6l7I,18.8029,0.0068,16.0327,0.0291,52.3861,0.0401,12.7024,sad,50,13.0,10.4
Klay Thompson,2022-06-03 000000,ke7RAMrALYE,https://www.youtube.com/watch?v=ke7RAMrALYE,7.7974,0.2296,12.5757,3.0089,53.5102,3.7243,19.154,sad,50,13.11,0.5
Klay Thompson,2022-05-27 000000,DNjGT3rn5h8,https://www.youtube.com/watch?v=DNjGT3rn5h8,3.2111,0.2669,27.4974,0.237,57.0231,1.8183,9.9462,sad,50,13.16,10.7
Klay Thompson,2022-05-23 000000,YCk5y4pXFKM,https://www.youtube.com/watch?v=YCk5y4pXFKM,11.2659,0.0169,13.1876,3.6968,38.6535,5.8733,27.306,sad,50,13.08,8.8
Klay Thompson,2022-05-19 000000,e1WZtOvZnpQ,https://www.youtube.com/watch?v=e1WZtOvZnpQ,18.0452,0.0592,42.5195,10.4198,17.3897,5.408,6.1585,fear,50,13.09,13.5
Klay Thompson,2022-05-14 000000,hAl63QdyGV4,https://www.youtube.com/watch?v=hAl63QdyGV4,42.8118,0.0244,36.0358,4.8873,6.0075,5.1933,5.04,angry,50,13.13,11.4
Klay Thompson,2022-05-12 000000,g79ur-ntTzQ,https://www.youtube.com/watch?v=g79ur-ntTzQ,6.7204,0.0129,27.7861,4.655,30.8709,9.6455,20.3092,sad,50,12.93,21.5
Klay Thompson,2022-05-10 000000,#NAME?,https://www.youtube.com/watch?v=-lONurf4JpA,15.7716,0.3325,44.0557,4.0755,15.8368,16.9372,2.9907,fear,50,12.94,12.8
Klay Thompson,2022-05-08 000000,fHp5gJqILVI,https://www.youtube.com/watch?v=fHp5gJqILVI,18.7593,0.3111,48.1942,3.5798,20.525,3.0894,5.5411,fear,50,13.12,5.7
Klay Thompson,2022-04-28 000000,A91AmrkDTjc,https://www.youtube.com/watch?v=A91AmrkDTjc,17.2734,0.6596,51.0652,0.5224,16.6298,2.6615,11.1881,fear,50,13.39,7.2
Klay Thompson,2022-04-22 000000,x72TjwmY-IA,https://www.youtube.com/watch?v=x72TjwmY-IA,31.4363,0.0942,12.7882,2.9091,34.9403,7.5382,10.2937,angry,50,13.04,22.0
Klay Thompson,2022-04-17 000000,oIuqq_3u39A,https://www.youtube.com/watch?v=oIuqq_3u39A,20.9458,0.0619,23.9952,17.9376,14.9132,5.6436,16.5027,angry,50,12.89,12.1
Klay Thompson,2022-04-11 000000,aixquycBX1E,https://www.youtube.com/watch?v=aixquycBX1E,27.5202,0.1886,12.802,0.0545,43.9281,0.7221,14.7845,sad,50,12.99,9.8
Klay Thompson,2022-04-03 000000,2jMjkGssUWQ,https://www.youtube.com/watch?v=2jMjkGssUWQ,34.0379,0.0479,9.2325,2.8285,36.5567,2.3945,14.9021,sad,50,12.18,25.0
Klay Thompson,2022-03-28 000000,P7NADHZsS1M,https://www.youtube.com/watch?v=P7NADHZsS1M,9.9053,0.0088,20.9121,1.4687,40.2548,24.8004,2.6499,sad,50,12.29,-1.2
Klay Thompson,2022-03-26 000000,cnxu4_U1wM8,https://www.youtube.com/watch?v=cnxu4_U1wM8,6.551,0.0153,19.2739,6.4345,56.1708,1.8242,9.7303,sad,50,12.12,16.8
Klay Thompson,2022-03-15 000000,xJ-FFX0pBgQ,https://www.youtube.com/watch?v=xJ-FFX0pBgQ,10.2537,0.0555,30.0644,0.2127,34.7231,1.0149,23.6757,sad,50,11.83,5.0
Klay Thompson,2022-03-13 000000,5UlkI_Bb0v4,https://www.youtube.com/watch?v=5UlkI_Bb0v4,33.4917,0.0856,13.0343,6.7706,21.4575,3.2303,21.9299,angry,50,11.92,10.0
Klay Thompson,2022-03-09 000000,rC389NTug9c,https://www.youtube.com/watch?v=rC389NTug9c,36.2686,0.5797,12.3988,1.4019,29.4324,1.3265,18.5922,angry,50,10.98,11.1
Klay Thompson,2022-03-04 000000,Psr0GrNOTzU,https://www.youtube.com/watch?v=Psr0GrNOTzU,6.4767,0.2261,45.5375,3.0069,35.0631,3.5248,6.165,fear,50,11.48,2.0
Klay Thompson,2022-02-25 000000,bOy1XUabPXc,https://www.youtube.com/watch?v=bOy1XUabPXc,24.546,0.078,10.6655,6.9526,51.8384,1.6935,4.2261,sad,50,11.76,6.7
Klay Thompson,2022-02-11 000000,wTzdgGyqXO0,https://www.youtube.com/watch?v=wTzdgGyqXO0,38.5,1.1256,15.184,7.0624,18.5594,7.9689,11.5997,angry,50,11.48,21.3
Klay Thompson,2022-02-08 000000,lcodXDddxJA,https://www.youtube.com/watch?v=lcodXDddxJA,14.491,0.0138,9.1221,0.1088,72.4453,0.0989,3.7201,sad,50,11.38,12.8
Klay Thompson,2022-02-04 000000,yJ4PzW4WCT8,https://www.youtube.com/watch?v=yJ4PzW4WCT8,31.2677,0.1515,25.0536,2.0123,27.8874,4.3982,9.2293,sad,50,10.88,16.8
Klay Thompson,2022-01-30 000000,QbjWEMcJaR4,https://www.youtube.com/watch?v=QbjWEMcJaR4,23.3446,1.4015,24.4042,1.0247,23.4956,22.219,4.1105,angry,50,9.91,8.8
Klay Thompson,2022-01-28 000000,9qdcnSDOI1Y,https://www.youtube.com/watch?v=9qdcnSDOI1Y,16.7075,0.0896,9.7988,0.142,48.7849,2.0118,22.4652,sad,50,9.46,13.5
Klay Thompson,2022-01-26 000000,luBCt_mvXtM,https://www.youtube.com/watch?v=luBCt_mvXtM,0.8546,0.0002,0.1412,91.5452,4.2146,0.0097,3.2344,happy,50,8.47,16.4
Klay Thompson,2022-01-19 000000,PCyeOS0FsjM,https://www.youtube.com/watch?v=PCyeOS0FsjM,34.4397,0.2561,14.3827,3.1956,18.9529,2.1429,26.6301,angry,50,8.94,1.8
Klay Thompson,2022-01-17 000000,SOQuNF_ekEw,https://www.youtube.com/watch?v=SOQuNF_ekEw,26.1238,0.2825,19.303,0.8933,37.5822,5.9623,9.8529,sad,50,6.52,18.6
Klay Thompson,2022-01-10 000000,2trO5MmTVvg,https://www.youtube.com/watch?v=2trO5MmTVvg,20.6359,0.0226,33.2331,2.14,32.7173,0.9877,10.2634,sad,50,6.7,7.2
Kyrie Irving,2022-04-26 000000,ZnqvlK_ErEk,https://www.youtube.com/watch?v=ZnqvlK_ErEk,16.3311,0.2775,37.357,5.1721,11.2614,3.935,25.6658,fear,50,19.9,
Kyrie Irving,2022-04-24 000000,yVd7zt78e1w,https://www.youtube.com/watch?v=yVd7zt78e1w,10.8397,0.0007,43.0891,12.2383,1.8623,27.0831,4.8868,fear,50,19.97,17.7
Kyrie Irving,2022-04-21 000000,4PrkuPIcnfg,https://www.youtube.com/watch?v=4PrkuPIcnfg,4.378,0.0091,21.3974,33.458,25.186,2.6995,12.8721,happy,50,20.17,13.8
Kyrie Irving,2022-04-07 000000,3BBsBpuvNng,https://www.youtube.com/watch?v=3BBsBpuvNng,0.106,0.011,7.9666,0.0921,91.71,0.0009,0.1134,sad,50,20.14,11.2
Kyrie Irving,2022-04-06 000000,bXV6dyd375g,https://www.youtube.com/watch?v=bXV6dyd375g,11.5747,0.0235,25.3676,21.4419,11.066,18.0717,12.4547,fear,50,20.29,16.3
Kyrie Irving,2022-04-03 000000,zqqLYuDflMM,https://www.youtube.com/watch?v=zqqLYuDflMM,0.8751,0.0018,26.2327,13.0019,19.0047,2.2935,38.5902,neutral,50,19.77,33.4
Kyrie Irving,2022-04-01 000000,G0kq7AayJbs,https://www.youtube.com/watch?v=G0kq7AayJbs,3.3241,0.0,30.8925,3.7735,38.253,0.1769,23.5799,sad,50,19.96,15.2
Kyrie Irving,2022-03-28 000000,iNcalebLbho,https://www.youtube.com/watch?v=iNcalebLbho,0.4983,0.0097,7.7987,1.6572,5.2701,3.9405,80.8254,neutral,50,20.57,10.7
Kyrie Irving,2022-03-24 000000,qXYf_TkwOZs,https://www.youtube.com/watch?v=qXYf_TkwOZs,0.6304,0.0001,44.0006,4.1955,7.0132,6.9398,37.2204,fear,50,21.6,10.5
Kyrie Irving,2022-03-16 000000,uzNyeeGw-HA,https://www.youtube.com/watch?v=uzNyeeGw-HA,1.2041,0.4338,50.8383,3.7114,11.4469,21.0796,11.2857,fear,50,21.01,33.0
Kyrie Irving,2022-03-11 000000,fBQ7vpb-fyw,https://www.youtube.com/watch?v=fBQ7vpb-fyw,5.5635,0.0524,63.2454,8.0591,7.3879,12.4386,3.2531,fear,50,19.18,53.8
Kyrie Irving,2022-03-09 000000,6KU6Qmk-sD4,https://www.youtube.com/watch?v=6KU6Qmk-sD4,0.0379,0.0143,2.9444,62.0887,8.4253,1.5455,24.944,happy,50,19.24,18.2
Kyrie Irving,2022-02-27 000000,7CD2IyDcPLY,https://www.youtube.com/watch?v=7CD2IyDcPLY,0.071,0.0,42.7672,41.9963,1.4943,0.8409,12.8302,fear,50,17.92,14.2
Kyrie Irving,2022-02-13 000000,uUwcaiaX8GY,https://www.youtube.com/watch?v=uUwcaiaX8GY,2.2984,0.0024,15.2175,65.7617,2.5768,12.367,1.7761,happy,50,17.14,28.8
Kyrie Irving,2022-02-11 000000,rnJm7avsy6I,https://www.youtube.com/watch?v=rnJm7avsy6I,12.6153,0.003,48.1485,1.6974,4.4637,12.809,20.2631,fear,50,16.76,22.1
Kyrie Irving,2022-02-05 000000,eAnEtBdG1xI,https://www.youtube.com/watch?v=eAnEtBdG1xI,2.3501,0.025,17.2129,4.4956,10.0502,12.1116,53.7546,neutral,50,15.87,22.3
Kyrie Irving,2022-02-03 000000,_51WqO06DB8,https://www.youtube.com/watch?v=_51WqO06DB8,6.7532,0.6809,12.146,17.343,9.7782,17.18,36.1187,neutral,50,16.79,6.7
Kyrie Irving,2022-02-02 000000,eMwV6yN70cU,https://www.youtube.com/watch?v=eMwV6yN70cU,0.1694,0.0041,15.7584,41.0933,22.6274,6.0531,14.2942,happy,50,18.09,5.1
Kyrie Irving,2022-01-30 000000,GE6hJELUlI0,https://www.youtube.com/watch?v=GE6hJELUlI0,13.0452,0.0007,41.3404,8.9049,28.5325,2.1211,6.0551,fear,50,18.21,17.1
Kyrie Irving,2022-01-24 000000,HM2N_WpM3uE,https://www.youtube.com/watch?v=HM2N_WpM3uE,5.4239,0.0059,2.7698,71.0343,8.2355,0.4512,12.0795,happy,50,17.24,25.0
Kyrie Irving,2022-01-20 000000,S0k-_3730OI,https://www.youtube.com/watch?v=S0k-_3730OI,1.8496,0.0011,23.8173,16.806,30.3136,1.4463,25.7662,sad,50,16.24,16.2
Kyrie Irving,2022-01-13 000000,6hC22hCIfrE,https://www.youtube.com/watch?v=6hC22hCIfrE,0.0625,0.0082,64.1842,4.4258,26.4555,0.0001,4.8637,fear,50,12.4,21.9
Kyrie Irving,2022-01-11 000000,RzmnnaRza3c,https://www.youtube.com/watch?v=RzmnnaRza3c,0.0079,0.002,22.0491,45.1871,0.2351,3.5579,28.9609,happy,50,15.65,5.9
Kyrie Irving,2022-01-06 000000,WUInMQLdTDQ,https://www.youtube.com/watch?v=WUInMQLdTDQ,2.7943,0.0001,13.9944,1.7143,32.6409,22.4769,26.3791,sad,50,17.9,13.4
LeBron James,2022-03-28 000000,-6IHNwM1gxo,https://www.youtube.com/watch?v=-6IHNwM1gxo,2.5873,0.0083,20.0609,39.278,11.8149,0.3471,25.9035,happy,50,23.92,24.9
LeBron James,2022-03-22 000000,KsSkODZLvtc,https://www.youtube.com/watch?v=KsSkODZLvtc,3.7835,0.5156,21.7754,1.6853,56.9746,3.5535,11.7121,sad,50,23.85,27.8
LeBron James,2022-03-20 000000,ADw3UIjhcb0,https://www.youtube.com/watch?v=ADw3UIjhcb0,10.3072,0.2806,25.9547,4.0328,41.0935,9.4583,8.873,sad,50,23.64,35.0
LeBron James,2022-03-19 000000,EsxDR9-2I5E,https://www.youtube.com/watch?v=EsxDR9-2I5E,2.2772,0.0113,4.7265,3.3055,27.3605,0.4214,61.8975,neutral,50,23.55,28.5
LeBron James,2022-03-17 000000,B-vrf2A3cCg,https://www.youtube.com/watch?v=B-vrf2A3cCg,2.4999,0.0254,11.6175,54.3037,8.1335,3.3149,20.1052,happy,50,23.43,29.4
LeBron James,2022-03-14 000000,g-6kXkCsmBs,https://www.youtube.com/watch?v=g-6kXkCsmBs,12.0081,0.0879,45.2753,0.5284,32.8594,1.1443,8.0966,fear,50,23.84,20.7
LeBron James,2022-03-12 000000,J1ccuOzADUk,https://www.youtube.com/watch?v=J1ccuOzADUk,12.7528,0.006,4.4118,14.3462,37.5765,0.1265,30.7801,sad,50,23.85,23.6
LeBron James,2022-03-10 000000,nMwYXoID4F0,https://www.youtube.com/watch?v=nMwYXoID4F0,7.4218,0.3829,20.1473,7.2112,22.4327,0.9621,41.442,neutral,50,23.45,42.5
LeBron James,2022-03-06 000000,uLiFwWz2bes,https://www.youtube.com/watch?v=uLiFwWz2bes,4.8755,0.0059,19.1934,2.915,43.812,5.0207,24.1776,sad,50,23.54,19.4
LeBron James,2022-03-04 000000,vfJp4yxZ5_s,https://www.youtube.com/watch?v=vfJp4yxZ5_s,4.8057,0.0103,38.2547,7.2267,14.4147,4.3829,30.905,fear,50,23.08,44.1
LeBron James,2022-03-02 000000,mtnbneMLHc4,https://www.youtube.com/watch?v=mtnbneMLHc4,1.4439,0.0001,28.8673,1.3131,64.6552,0.0365,3.6838,sad,50,23.21,17.3
LeBron James,2022-02-28 000000,fiU2VmMTnO8,https://www.youtube.com/watch?v=fiU2VmMTnO8,5.1964,0.0044,12.3511,0.0279,68.6112,0.9488,12.8603,sad,50,23.29,19.9
LeBron James,2022-02-26 000000,YGhzcXKUuOM,https://www.youtube.com/watch?v=YGhzcXKUuOM,3.826,0.0133,24.845,10.0284,33.9105,2.6349,24.7417,sad,50,23.35,20.6
LeBron James,2022-02-17 000000,YxLHkLy0EZw,https://www.youtube.com/watch?v=YxLHkLy0EZw,8.991,1.0045,16.2947,0.4361,47.6131,0.1876,25.4729,sad,50,23.64,11.5
LeBron James,2022-02-10 000000,9cFMi-mXIxE,https://www.youtube.com/watch?v=9cFMi-mXIxE,13.5194,0.0689,8.3135,5.3383,16.3936,3.1809,53.1854,neutral,50,23.75,15.2
LeBron James,2022-02-06 000000,7CypGReQkmw,https://www.youtube.com/watch?v=7CypGReQkmw,10.9568,0.0347,14.9667,0.6155,57.4884,0.6714,15.2666,sad,50,23.89,18.8
LeBron James,2022-01-24 000000,tdFvB1RnVFs,https://www.youtube.com/watch?v=tdFvB1RnVFs,4.9862,0.0317,27.2455,1.658,35.1914,14.1815,16.7057,sad,50,23.54,34.2
LeBron James,2022-01-22 000000,kvf_5Y44Oos,https://www.youtube.com/watch?v=kvf_5Y44Oos,17.337,0.0011,25.091,0.0493,49.4311,0.0404,8.0502,sad,50,23.48,25.5
LeBron James,2022-01-20 000000,FzQFBL6ZeKw,https://www.youtube.com/watch?v=FzQFBL6ZeKw,12.4411,0.2024,13.6435,2.7005,56.6485,0.4454,13.9185,sad,50,23.64,18.2
LeBron James,2022-01-18 000000,vO03J_KOln4,https://www.youtube.com/watch?v=vO03J_KOln4,7.5877,0.0082,14.6431,0.1087,42.1823,7.2923,28.1777,sad,50,23.62,24.3
LeBron James,2022-01-13 000000,sHmnO5rQ2HM,https://www.youtube.com/watch?v=sHmnO5rQ2HM,0.5224,0.0032,40.9678,1.015,10.7809,8.9873,37.7235,neutral,50,23.96,16.6
LeBron James,2022-01-10 000000,2vhfXChbHmY,https://www.youtube.com/watch?v=2vhfXChbHmY,8.0455,0.0158,11.7856,1.2502,48.468,1.741,28.6939,sad,50,24.01,22.5
LeBron James,2022-01-08 000000,9ZPtf4M2kXQ,https://www.youtube.com/watch?v=9ZPtf4M2kXQ,16.3899,0.1128,29.1149,2.1902,38.8581,2.9774,10.3568,sad,50,23.7,32.7
LeBron James,2022-01-05 000000,Sa0y2sNZXpA,https://www.youtube.com/watch?v=Sa0y2sNZXpA,9.622,0.4575,18.108,1.1601,55.7345,4.1387,10.7791,sad,50,23.47,30.0
LeBron James,2022-01-03 000000,Bm4lHOcM3mM,https://www.youtube.com/watch?v=Bm4lHOcM3mM,4.3203,0.0009,24.0956,27.7195,18.4703,1.8106,23.5828,fear,50,23.58,20.5
LeBron James,2022-01-01 000000,7Ry7UMhOvsY,https://www.youtube.com/watch?v=7Ry7UMhOvsY,42.6194,0.0905,8.8074,0.2104,43.9522,0.6705,3.6496,sad,50,23.54,24.6
LeBron James,2021-12-11 000000,saAH4jpY6qQ,https://www.youtube.com/watch?v=saAH4jpY6qQ,14.5788,0.0223,9.912,0.2639,29.8913,0.166,45.1656,neutral,50,20.56,26.4
LeBron James,2021-11-25 000000,6suobV5ar5k,https://www.youtube.com/watch?v=6suobV5ar5k,0.5553,0.0,9.251,4.0071,39.4977,44.006,2.6828,surprise,50,18.39,17.9
LeBron James,2021-11-20 000000,r-Yujnfsh2E,https://www.youtube.com/watch?v=r-Yujnfsh2E,8.2527,0.0026,16.396,13.1165,22.0157,4.6501,35.5664,neutral,50,18.37,8.1
LeBron James,2021-10-20 000000,S5olIvmxKak,https://www.youtube.com/watch?v=S5olIvmxKak,18.9071,0.468,26.2179,0.0954,42.8094,1.5999,9.9022,sad,50,24.8,15.1
Mikal Bridges,2022-04-18 000000,KVwZoMo4I0M,https://www.youtube.com/watch?v=KVwZoMo4I0M,4.457,0.0005,22.4697,1.7721,37.4725,0.9747,32.8536,sad,50,12.05,16.2
Mikal Bridges,2022-04-04 000000,lt_HDyLmJrY,https://www.youtube.com/watch?v=lt_HDyLmJrY,2.0098,0.0281,7.3659,5.2573,46.0841,0.0606,39.1941,sad,50,12.29,10.9
Mikal Bridges,2022-02-06 000000,jAs0FcNO0N0,https://www.youtube.com/watch?v=jAs0FcNO0N0,3.7351,0.0001,14.8251,1.9913,45.9956,0.8658,32.587,sad,50,11.16,13.2
Paul George,2021-12-04 000000,ZE0pVbyAqL8,https://www.youtube.com/watch?v=ZE0pVbyAqL8,13.5321,0.0119,7.2481,0.0527,70.5561,1.5119,7.0871,sad,50,16.68,6.5
Paul George,2021-11-30 000000,mGJLkBPAncg,https://www.youtube.com/watch?v=mGJLkBPAncg,27.7949,0.0249,40.5392,0.1266,16.5562,8.4206,6.5376,fear,50,16.76,15.1
Paul George,2021-11-17 000000,xOj-qRByrys,https://www.youtube.com/watch?v=xOj-qRByrys,2.4519,0.072,15.0752,0.3363,0.842,2.9612,78.2615,neutral,50,18.66,19.4
Paul George,2021-11-08 000000,71hFuJJxZoM,https://www.youtube.com/watch?v=71hFuJJxZoM,1.5219,0.0,21.0697,28.6357,2.8889,18.1386,27.7451,happy,50,19.19,14.8
Paul George,2021-11-06 000000,MExa_9ToqJ4,https://www.youtube.com/watch?v=MExa_9ToqJ4,18.6467,0.0616,15.2181,6.2166,24.4063,2.8041,32.6466,sad,50,20.44,9.2
Paul George,2021-10-24 000000,wwq2QieoU0E,https://www.youtube.com/watch?v=wwq2QieoU0E,9.8066,0.0017,52.7962,0.166,5.9532,19.9844,11.2919,fear,50,28.45,13.2
Reggie Jackson,2022-04-01 000000,8xTf4g0x67Q,https://www.youtube.com/watch?v=8xTf4g0x67Q,4.434,0.0011,10.4735,0.0677,16.9995,0.3301,67.6941,neutral,50,10.49,6.0
Reggie Jackson,2022-03-23 000000,l3BQ3077Ggc,https://www.youtube.com/watch?v=l3BQ3077Ggc,11.6126,0.0411,19.3512,0.7743,24.3307,3.527,40.363,neutral,50,10.48,0.6
Reggie Jackson,2022-03-10 000000,B7LoN4YWoew,https://www.youtube.com/watch?v=B7LoN4YWoew,9.557,0.0,2.6711,2.3584,77.9305,0.5111,6.9719,sad,50,10.42,14.2
Reggie Jackson,2022-02-28 000000,jJDWnCHxFlA,https://www.youtube.com/watch?v=jJDWnCHxFlA,9.6718,0.0022,21.4293,0.7715,28.0095,3.5149,36.6007,neutral,50,10.17,12.9
Reggie Jackson,2022-01-12 000000,yGdTXUA5nAY,https://www.youtube.com/watch?v=yGdTXUA5nAY,10.2107,0.0083,3.4303,3.5922,7.628,0.123,75.0076,neutral,50,9.52,1.0
Reggie Jackson,2021-12-14 000000,8NzlNsDC9oo,https://www.youtube.com/watch?v=8NzlNsDC9oo,64.4065,0.0,13.8116,0.0198,3.6711,0.4022,17.6888,angry,50,10.25,11.1
Reggie Jackson,2021-11-24 000000,PUMuApjBT1w,https://www.youtube.com/watch?v=PUMuApjBT1w,29.5093,0.0,39.5139,0.0,0.0227,0.1767,30.7773,fear,50,11.16,14.1
Reggie Jackson,2021-11-17 000000,R-oNVMKiblM,https://www.youtube.com/watch?v=R-oNVMKiblM,0.2989,0.0001,3.6088,0.0263,1.3695,0.3674,94.329,neutral,50,11.11,11.3
Reggie Jackson,2021-11-10 000000,8F1mtv5qUio,https://www.youtube.com/watch?v=8F1mtv5qUio,0.2521,0.0,6.0321,0.0089,1.4674,0.0,92.2395,neutral,50,11.04,13.2
Reggie Jackson,2021-10-24 000000,DabJ-KvM-Xs,https://www.youtube.com/watch?v=DabJ-KvM-Xs,0.0001,0.0,29.2706,0.0002,44.5477,0.0029,26.1784,sad,50,6.8,9.3
Russell Westbrook,2022-03-15 000000,JvcJm4SUC0s,https://www.youtube.com/watch?v=JvcJm4SUC0s,7.8823,0.0003,64.6652,0.2424,0.9582,10.4551,15.7965,fear,50,12.88,11.1
Russell Westbrook,2022-02-28 000000,4luSYyRRAAY,https://www.youtube.com/watch?v=4luSYyRRAAY,11.3485,0.0043,47.7271,4.6801,2.2013,8.4171,25.6216,fear,50,13.18,11.8
Russell Westbrook,2022-01-26 000000,HHKe3CTwc1w,https://www.youtube.com/watch?v=HHKe3CTwc1w,7.9519,0.0336,21.9229,38.5766,12.7235,0.1454,18.646,happy,50,13.69,12.1
Russell Westbrook,2022-01-22 000000,HyI4UTxnod0,https://www.youtube.com/watch?v=HyI4UTxnod0,3.6901,0.1306,45.1666,2.9959,14.6625,13.5117,19.8425,fear,50,13.67,21.1
Russell Westbrook,2022-01-18 000000,SuTOtK0c2S0,https://www.youtube.com/watch?v=SuTOtK0c2S0,0.8067,0.1165,16.7042,10.7075,22.7732,1.8654,47.0265,neutral,50,13.77,5.6
Russell Westbrook,2022-01-13 000000,PN6mnJ9iT8w,https://www.youtube.com/watch?v=PN6mnJ9iT8w,3.0825,0.0903,25.2,13.2967,0.4122,42.4576,15.4606,surprise,50,13.85,14.9
Russell Westbrook,2021-12-10 000000,LclBV7No2nE,https://www.youtube.com/watch?v=LclBV7No2nE,4.2987,0.02,35.5469,21.5762,22.5716,1.4484,14.5382,fear,50,14.95,7.7
Russell Westbrook,2021-12-08 000000,EcLXwCKWArg,https://www.youtube.com/watch?v=EcLXwCKWArg,12.7891,1.6123,26.9161,5.0625,41.1525,2.8342,9.6333,sad,50,15.45,2.5
Russell Westbrook,2021-12-01 000000,#NAME?,https://www.youtube.com/watch?v=-NgkZUGHLb8,15.6094,0.001,14.8664,1.214,23.8827,2.1661,42.2604,neutral,50,15.41,10.7
Russell Westbrook,2021-11-29 000000,Hm8_y5b7kKg,https://www.youtube.com/watch?v=Hm8_y5b7kKg,14.1081,0.0181,21.0452,3.9876,14.9436,0.7425,45.1548,neutral,50,15.54,12.6
Russell Westbrook,2021-11-22 000000,ouVDphRcm3U,https://www.youtube.com/watch?v=ouVDphRcm3U,1.049,0.0387,47.1449,3.5719,11.8331,7.9585,28.404,fear,50,13.84,28.5
Russell Westbrook,2021-11-16 000000,NzZpG1YyOPo,https://www.youtube.com/watch?v=NzZpG1YyOPo,9.1768,0.0013,9.2933,67.6367,6.3134,0.8984,6.6803,happy,50,13.46,19.1
Russell Westbrook,2021-10-30 000000,juShOrhJYZU,https://www.youtube.com/watch?v=juShOrhJYZU,26.0585,0.1131,14.1788,10.4503,14.7732,4.1158,30.3104,neutral,50,12.22,14.3
Steph Curry,2022-06-06 000000,f1RiIDp1uSc,https://www.youtube.com/watch?v=f1RiIDp1uSc,8.0277,0.2464,23.6279,3.3773,42.5289,2.8351,19.3566,sad,50,19.22,20.4
Steph Curry,2022-05-23 000000,jTNI7BPlKJc,https://www.youtube.com/watch?v=jTNI7BPlKJc,5.7887,0.8798,19.5472,2.2088,23.6754,0.5265,47.3734,neutral,50,19.21,16.5
Steph Curry,2022-05-23 000000,jTNI7BPlKJc,https://www.youtube.com/watch?v=jTNI7BPlKJc,5.7887,0.8798,19.5472,2.2088,23.6754,0.5265,47.3734,neutral,50,19.21,16.5
Steph Curry,2022-05-19 000000,MRxZdYqsfBQ,https://www.youtube.com/watch?v=MRxZdYqsfBQ,20.2281,0.0737,24.4699,0.2985,18.0511,7.4145,29.4642,neutral,50,19.08,23.0
Steph Curry,2022-05-08 000000,gPhmCYHoxcc,https://www.youtube.com/watch?v=gPhmCYHoxcc,13.9098,0.4317,37.791,0.5952,24.3055,0.3382,22.6286,fear,50,19.23,22.0
Steph Curry,2022-04-19 000000,KSkZAZ37RC0,https://www.youtube.com/watch?v=KSkZAZ37RC0,7.3875,0.0063,8.0702,0.9589,13.0748,13.9307,56.5717,neutral,31,19.08,17.8
Steph Curry,2022-02-10 000000,lg9bL3L884U,https://www.youtube.com/watch?v=lg9bL3L884U,27.2112,0.0002,20.5665,6.6656,26.4917,0.9261,18.1387,sad,50,18.9,25.5
Steph Curry,2022-01-15 000000,_jqRZV8yli8,https://www.youtube.com/watch?v=_jqRZV8yli8,4.7084,0.0192,13.5242,6.5512,39.2605,0.1302,35.8062,sad,50,19.01,20.8
Steph Curry,2022-01-06 000000,avuEUB9WEk4,https://www.youtube.com/watch?v=avuEUB9WEk4,8.1997,0.0857,10.7089,3.2081,31.7264,0.3131,45.7582,neutral,50,19.37,18.3
Steph Curry,2021-12-07 000000,drdyN5D-eCU,https://www.youtube.com/watch?v=drdyN5D-eCU,67.8111,0.0168,9.7416,5.53,2.2006,3.1509,11.5489,angry,50,21.69,10.5
Steph Curry,2021-11-27 000000,LavfQhWsZm0,https://www.youtube.com/watch?v=LavfQhWsZm0,8.2194,0.0256,23.561,8.3704,30.7485,0.1147,28.9603,sad,50,22.72,29.5
Steph Curry,2021-11-25 000000,JEOfpG9hqVY,https://www.youtube.com/watch?v=JEOfpG9hqVY,2.7178,0.0011,2.3872,72.0015,8.9606,1.8559,12.0759,happy,50,22.65,23.8
Steph Curry,2021-10-29 000000,TBIsOS9tXZo,https://www.youtube.com/watch?v=TBIsOS9tXZo,16.2062,0.3483,13.4691,0.7578,45.8963,0.4124,22.9099,sad,50,22.66,16.6
Terance Mann,2022-03-07 000000,njfUKflbL0s,https://www.youtube.com/watch?v=njfUKflbL0s,67.9563,0.0025,13.1948,0.497,2.8557,0.4329,15.0609,angry,50,8.96,3.3
Terance Mann,2021-12-19 000000,E7eSerzOn9g,https://www.youtube.com/watch?v=E7eSerzOn9g,2.9386,0.0005,42.8708,0.0748,37.498,5.3085,11.3088,fear,50,8.32,11.6
